second,Q1 Count,Q2 Count,Q3 Count,Q4 Count
0,14,18,2,2
1,16,17,0,1
2,17,13,2,1
3,19,17,4,1
4,20,15,4,1
5,15,17,4,2
6,18,20,5,0
7,17,18,2,2
8,14,15,6,3
9,18,17,3,4
10,16,16,9,4
11,15,15,7,6
12,14,18,9,4
13,21,16,8,2
14,22,19,7,1
15,24,17,8,3
16,22,19,7,4
17,20,20,5,5
18,22,15,6,4
19,22,14,4,6
20,23,18,4,8
21,22,16,3,7
22,18,13,2,4
23,23,14,2,3
24,23,18,2,3
25,26,20,3,5
26,19,19,4,2
27,24,23,5,1
28,19,22,4,2
29,20,19,4,1
30,14,17,6,1
31,14,18,1,3
32,17,18,0,5
33,15,16,0,5
34,14,17,2,5
35,16,19,2,5
36,17,18,3,5
37,16,21,4,3
38,20,21,3,2
39,19,23,4,2
40,19,23,5,0
41,15,25,4,0
42,13,20,4,2
43,20,19,5,2
44,16,23,5,5
45,18,17,4,3
46,17,23,2,4
47,17,20,1,3
48,23,22,2,3
49,20,20,1,3
50,21,16,4,2
51,19,11,6,2
52,23,14,8,3
53,23,14,10,2
54,22,15,11,4
55,30,14,11,8
56,26,10,7,10
57,28,12,8,12
58,28,15,6,8
59,30,14,5,6
60,34,18,6,3
61,31,17,7,6
62,34,16,4,7
63,36,14,5,5
64,36,12,5,4
65,40,14,4,3
66,30,13,3,3
67,23,16,3,3
68,33,12,4,3
69,30,13,4,3
70,28,12,8,4
71,24,12,6,4
72,31,12,3,4
73,29,14,4,6
74,29,13,4,6
75,29,11,4,7
76,32,14,4,5
77,30,13,3,7
78,31,14,4,7
79,33,17,2,6
80,32,14,4,5
81,34,14,5,5
82,31,15,5,2
83,26,13,6,3
84,29,14,3,3
85,29,16,5,2
86,25,14,8,1
87,31,18,5,2
88,30,22,5,4
89,25,19,6,4
90,29,18,5,0
91,28,16,6,1
92,22,25,5,1
93,22,25,4,3
94,26,19,4,4
95,28,19,3,5
96,26,29,4,3
97,22,20,3,8
98,27,26,4,9
99,22,23,4,12
100,23,22,6,10
101,21,20,4,9
102,23,22,9,10
103,19,17,5,7
104,22,17,2,8
105,27,16,7,8
106,28,18,6,4
107,25,20,4,2
108,24,14,6,6
109,28,14,7,2
110,27,12,4,2
111,32,10,7,2
112,26,9,7,3
113,23,10,6,4
114,17,21,7,4
115,31,17,7,3
116,30,17,6,3
117,26,27,6,2
118,25,20,4,1
119,27,19,4,2
120,22,23,5,2
121,18,15,3,2
122,17,13,5,1
123,13,14,4,0
124,27,15,4,0
125,10,10,3,2
126,7,8,3,2
127,23,14,4,0
128,23,5,2,2
129,14,22,3,2
130,26,18,4,1
131,29,15,7,1
132,27,15,7,2
133,28,13,9,3
134,25,12,5,2
135,26,15,4,2
136,29,9,3,2
137,27,12,6,5
138,24,11,5,8
139,19,10,4,5
140,17,12,3,6
141,23,14,6,7
142,18,12,5,5
143,22,15,4,3
144,28,16,8,4
145,28,12,8,4
146,32,14,7,3
147,28,10,8,2
148,24,14,7,3
149,32,9,8,6
150,30,9,6,5
151,26,14,8,7
152,28,13,11,3
153,30,12,9,3
154,28,14,7,6
155,25,13,8,5
156,27,17,3,4
157,27,14,3,2
158,24,13,2,2
159,30,15,5,1
160,27,14,9,4
161,25,16,6,3
162,18,15,6,6
163,23,11,4,2
164,30,16,4,3
165,26,16,4,2
166,22,18,4,2
167,26,15,4,1
168,28,22,3,3
169,27,19,4,2
170,31,15,5,1
171,22,13,4,1
172,26,11,5,1
173,32,13,4,1
174,28,16,4,1
175,25,15,5,3
176,27,12,5,1
177,24,12,5,2
178,23,12,5,1
179,20,13,5,1
180,23,10,4,4
181,26,13,4,5
182,28,15,4,5
183,30,19,3,5
184,29,11,5,3
185,28,16,4,5
186,19,14,5,4
187,23,11,6,5
188,27,9,4,4
189,23,9,6,5
190,22,12,7,5
191,29,10,7,6
192,25,11,6,6
193,31,9,5,7
194,28,15,5,4
195,26,15,5,2
196,28,17,6,3
197,25,16,8,3
198,28,21,8,2
199,31,21,8,2
200,27,23,3,0
201,27,16,3,5
202,33,15,4,1
203,25,12,7,2
204,32,17,6,6
205,34,15,5,6
206,30,15,5,4
207,32,19,3,7
208,28,12,5,7
209,35,16,5,3
210,35,16,8,2
211,29,15,7,4
212,29,14,6,4
213,20,15,6,6
214,26,18,4,4
215,25,16,3,5
216,33,21,3,6
217,27,14,2,5
218,29,13,5,3
219,22,15,5,7
220,22,16,1,7
221,25,18,3,6
222,26,18,1,8
223,21,18,2,8
224,23,16,6,9
225,25,12,6,9
226,24,16,6,5
227,29,13,5,7
228,28,19,3,7
229,28,13,3,6
230,19,9,4,8
231,25,13,4,13
232,21,12,4,15
233,26,10,4,15
234,23,15,3,17
235,25,15,3,15
236,25,11,4,14
237,22,13,4,12
238,18,15,4,10
239,22,18,6,9
240,20,15,5,14
241,22,11,3,18
242,23,16,0,12
243,27,16,2,14
244,27,15,1,7
245,24,16,2,5
246,24,20,5,9
247,28,12,5,7
248,25,17,5,7
249,32,14,7,8
250,31,15,8,9
251,26,14,8,10
252,29,14,8,10
253,27,13,10,10
254,27,11,6,8
255,23,15,7,9
256,29,20,7,7
257,24,20,5,8
258,26,19,4,10
259,27,19,4,10
260,27,19,6,7
261,22,20,1,7
262,29,24,7,9
263,21,18,4,7
264,22,22,3,8
265,23,18,7,10
266,28,20,7,10
267,37,14,8,8
268,33,23,11,8
269,26,20,8,5
270,33,17,7,7
271,33,17,9,5
272,27,20,7,7
273,27,17,6,8
274,23,16,2,8
275,20,16,2,11
276,26,17,5,12
277,29,18,6,11
278,31,15,10,8
279,33,19,7,9
280,32,20,6,9
281,31,23,6,10
282,31,20,6,9
283,27,16,5,7
284,27,17,5,12
285,38,16,7,12
286,29,19,5,12
287,32,17,4,12
288,26,21,4,12
289,28,14,5,13
290,41,15,4,15
291,35,17,6,16
292,37,18,9,11
293,36,12,9,10
294,42,13,11,11
295,34,12,9,17
296,37,18,5,14
297,40,10,7,15
298,37,12,5,19
299,30,10,4,16
300,32,14,5,13
301,40,14,5,12
302,31,9,8,12
303,29,15,9,11
304,29,14,11,10
305,26,16,10,10
306,28,16,7,11
307,25,15,7,5
308,28,15,9,7
309,33,13,8,7
310,30,9,11,7
311,35,15,8,10
312,37,14,5,10
313,35,14,6,11
314,34,12,6,10
315,31,10,6,9
316,32,12,6,14
317,29,16,4,10
318,30,14,6,14
319,29,16,5,11
320,34,15,3,13
321,23,18,3,12
322,28,16,5,14
323,30,18,6,15
324,36,15,4,15
325,28,15,7,12
326,30,17,8,10
327,32,16,8,10
328,35,14,8,10
329,31,16,4,12
330,36,17,5,12
331,35,17,4,11
332,37,18,3,9
333,31,17,3,8
334,27,17,4,8
335,30,20,4,7
336,27,21,2,10
337,30,18,4,13
338,32,22,4,13
339,31,20,8,11
340,42,18,5,8
341,43,18,7,7
342,35,18,6,6
343,39,19,7,10
344,39,14,6,11
345,41,18,6,10
346,37,14,8,8
347,45,24,8,12
348,42,16,8,12
349,46,19,7,10
350,32,21,7,14
351,40,17,5,12
352,37,21,9,11
353,30,22,8,8
354,43,17,12,10
355,35,20,12,9
356,39,21,13,9
357,40,23,11,8
358,42,26,12,8
359,35,22,10,7
360,28,20,8,8
361,27,25,7,9
362,28,20,7,8
363,30,20,8,8
364,25,25,9,9
365,34,18,8,7
366,38,23,6,4
367,31,23,6,4
368,30,29,5,9
369,27,28,6,9
370,29,25,5,7
371,36,27,6,9
372,28,29,5,7
373,32,25,7,4
374,38,29,6,6
375,36,26,5,10
376,31,24,6,4
377,33,26,3,4
378,35,24,6,4
379,34,25,4,4
380,35,25,8,1
381,39,23,8,2
382,35,30,6,3
383,38,27,9,2
384,46,31,9,2
385,47,27,7,4
386,37,29,12,4
387,36,27,11,5
388,26,27,11,9
389,33,29,10,11
390,37,28,9,10
391,36,26,10,7
392,33,26,10,9
393,43,30,9,11
394,38,34,12,10
395,45,31,13,15
396,52,29,15,13
397,40,28,12,7
398,47,28,13,7
399,42,22,10,8
400,47,23,10,12
401,42,26,10,9
402,39,36,11,10
403,50,34,13,8
404,48,35,12,12
405,46,33,10,14
406,57,31,17,15
407,51,25,11,16
408,38,28,10,11
409,42,32,10,13
410,45,32,8,18
411,45,28,12,18
412,33,25,16,13
413,43,32,9,11
414,46,24,8,10
415,45,29,10,10
416,46,26,11,11
417,49,30,11,11
418,51,29,8,11
419,54,27,12,10
420,59,29,11,15
421,53,25,12,10
422,45,30,8,13
423,45,29,9,9
424,47,34,10,11
425,48,34,11,10
426,43,36,12,11
427,47,36,8,14
428,51,33,6,23
429,52,29,3,25
430,52,41,6,22
431,62,35,9,22
432,52,33,14,19
433,56,30,11,17
434,50,30,12,23
435,38,31,12,23
436,48,24,15,24
437,48,25,15,21
438,46,28,13,23
439,44,33,10,23
440,42,34,12,25
441,44,33,9,29
442,51,32,8,26
443,50,39,9,27
444,48,32,11,26
445,46,34,16,24
446,50,33,18,20
447,44,38,22,22
448,46,30,18,22
449,49,26,21,20
450,52,27,16,24
451,51,32,15,25
452,51,41,17,21
453,45,37,19,23
454,61,34,21,22
455,46,38,22,23
456,60,40,19,30
457,58,41,16,30
458,46,48,17,23
459,39,38,20,26
460,36,43,23,24
461,41,37,21,21
462,44,46,13,24
463,48,44,17,26
464,48,42,14,24
465,57,49,16,23
466,53,33,11,25
467,52,39,14,20
468,44,35,12,20
469,38,38,14,19
470,56,36,12,18
471,56,37,8,18
472,54,30,12,17
473,56,36,8,19
474,60,41,8,15
475,52,43,9,17
476,51,52,8,15
477,43,48,10,16
478,46,49,13,18
479,56,47,14,15
480,53,39,13,14
481,53,56,12,17
482,50,48,20,18
483,49,48,18,20
484,45,52,20,16
485,42,55,17,16
486,39,53,21,17
487,42,52,18,18
488,36,51,15,22
489,49,48,12,24
490,45,45,19,18
491,58,42,18,16
492,47,49,27,16
493,46,43,15,18
494,46,45,15,20
495,41,43,16,21
496,49,43,15,21
497,46,46,12,20
498,48,48,11,20
499,42,50,10,20
500,41,37,8,20
501,44,39,12,19
502,41,41,13,22
503,50,36,10,24
504,43,46,9,22
505,41,46,11,23
506,40,52,13,21
507,34,52,15,20
508,39,49,10,20
509,48,54,9,26
510,51,59,15,22
511,36,50,18,22
512,41,42,25,20
513,47,47,26,17
514,48,48,30,18
515,37,56,25,20
516,53,59,28,16
517,40,54,25,21
518,52,51,29,20
519,51,51,20,28
520,45,52,23,26
521,45,59,22,26
522,48,62,25,31
523,54,54,14,31
524,52,63,20,36
525,58,59,18,31
526,62,69,16,23
527,57,61,13,27
528,56,60,12,26
529,50,56,19,24
530,64,63,19,23
531,55,56,20,32
532,59,53,23,30
533,51,49,23,32
534,54,48,26,32
535,61,51,28,28
536,57,42,34,32
537,53,54,27,35
538,49,51,31,40
539,53,44,34,32
540,65,46,38,28
541,56,45,43,27
542,47,45,41,25
543,47,51,30,27
544,47,41,35,28
545,50,47,33,30
546,47,43,31,33
547,40,55,21,42
548,47,55,17,47
549,42,56,14,51
550,49,52,15,41
551,55,62,16,44
552,51,57,15,42
553,56,55,19,37
554,54,53,21,46
555,57,55,18,44
556,55,49,15,36
557,57,53,19,40
558,60,47,25,41
559,62,53,27,28
560,58,51,28,35
561,56,57,29,36
562,43,51,32,37
563,51,49,31,43
564,36,56,29,44
565,36,61,26,48
566,50,50,24,44
567,44,52,26,36
568,42,56,27,37
569,43,59,30,38
570,45,53,23,34
571,42,59,24,39
572,39,47,28,41
573,50,47,25,38
574,58,41,23,44
575,47,48,22,46
576,48,40,27,40
577,52,36,23,39
578,48,51,25,37
579,51,48,26,37
580,47,51,25,35
581,52,42,28,32
582,47,56,28,34
583,58,44,27,40
584,55,40,25,36
585,47,58,27,35
586,55,52,19,28
587,52,54,20,32
588,54,54,23,31
589,55,54,22,33
590,55,55,22,28
591,48,46,23,35
592,53,45,24,38
593,43,53,24,39
594,52,40,23,40
595,56,47,26,39
596,54,42,23,34
597,60,44,24,38
598,56,47,21,37
599,56,47,21,38
600,60,52,23,34
601,55,46,20,42
602,48,50,15,46
603,53,52,15,46
604,55,51,23,33
605,60,52,19,33
606,50,64,18,33
607,53,62,17,33
608,56,53,21,35
609,54,50,21,32
610,61,51,19,32
611,50,57,23,35
612,55,56,25,32
613,56,44,23,42
614,67,42,28,31
615,47,42,22,29
616,44,39,26,39
617,43,39,30,39
618,49,44,23,32
619,48,31,19,35
620,43,39,22,36
621,43,42,19,39
622,46,44,17,32
623,63,43,19,30
624,50,47,15,30
625,49,45,15,36
626,49,40,18,34
627,53,47,17,36
628,53,49,15,37
629,52,51,16,39
630,55,35,13,33
631,57,44,14,29
632,52,50,10,39
633,47,45,11,41
634,55,47,12,33
635,44,51,19,39
636,43,57,16,30
637,39,57,20,43
638,49,54,17,37
639,39,51,18,31
640,45,68,19,25
641,53,71,14,31
642,56,61,16,28
643,52,60,16,33
644,59,55,14,29
645,60,61,15,27
646,51,55,17,29
647,50,49,19,28
648,57,47,21,27
649,45,43,21,21
650,56,51,21,28
651,58,51,20,28
652,57,47,22,25
653,47,48,28,27
654,60,47,21,25
655,43,62,22,25
656,42,50,27,33
657,52,49,24,27
658,55,58,22,37
659,48,51,21,34
660,52,60,21,30
661,47,58,20,31
662,48,60,23,35
663,47,52,21,37
664,52,54,22,39
665,52,52,22,37
666,52,50,12,40
667,44,57,18,33
668,47,53,22,33
669,31,58,26,26
670,49,49,29,29
671,44,53,21,26
672,61,54,29,20
673,48,62,26,25
674,41,70,23,29
675,51,56,17,28
676,44,62,18,24
677,47,60,21,23
678,49,62,18,28
679,50,61,23,29
680,44,55,22,35
681,30,53,22,33
682,40,58,27,34
683,55,59,30,28
684,43,76,25,27
685,35,62,26,28
686,45,72,31,34
687,46,62,29,33
688,51,67,26,29
689,53,56,34,24
690,50,61,36,29
691,34,66,36,24
692,41,69,34,25
693,50,61,27,27
694,55,50,20,28
695,49,79,22,29
696,41,60,11,33
697,51,69,14,31
698,43,74,16,32
699,47,75,19,29
700,38,66,22,38
701,42,54,17,44
702,46,74,20,35
703,49,67,18,36
704,47,58,24,34
705,46,64,18,31
706,41,61,24,36
707,47,69,23,29
708,51,66,14,31
709,49,64,19,32
710,50,56,18,32
711,42,68,20,35
712,46,64,21,29
713,52,52,18,32
714,41,57,16,34
715,43,60,14,36
716,51,66,18,31
717,49,53,18,27
718,49,58,21,25
719,53,60,18,24
720,48,67,15,34
721,46,63,12,32
722,55,60,12,33
723,44,65,18,23
724,50,64,15,27
725,56,62,15,26
726,61,65,14,23
727,59,63,19,21
728,55,67,17,27
729,49,59,16,30
730,49,65,13,33
731,57,53,14,39
732,54,60,15,38
733,39,63,9,35
734,49,62,10,36
735,50,70,11,33
736,44,69,9,36
737,45,64,13,38
738,47,66,17,38
739,46,60,17,42
740,44,66,18,36
741,55,59,20,35
742,48,55,18,36
743,54,50,17,30
744,45,51,12,37
745,60,50,13,33
746,56,52,14,36
747,48,51,14,39
748,55,56,17,37
749,52,57,18,32
750,50,61,17,35
751,48,53,20,34
752,41,55,19,28
753,48,58,11,29
754,60,48,15,27
755,61,48,15,30
756,54,52,16,30
757,58,51,18,29
758,59,48,24,29
759,55,53,21,25
760,63,55,22,29
761,65,58,22,27
762,62,56,24,22
763,62,50,20,26
764,65,42,18,26
765,63,57,18,28
766,48,56,19,33
767,54,62,15,31
768,57,59,19,28
769,65,52,18,29
770,54,54,19,32
771,62,53,19,27
772,52,47,19,26
773,52,53,24,23
774,45,56,24,31
775,55,49,23,30
776,59,53,23,30
777,54,57,24,25
778,52,49,22,26
779,57,54,23,28
780,52,57,22,21
781,48,63,17,28
782,56,62,16,32
783,48,59,20,27
784,46,54,21,34
785,39,56,22,23
786,38,62,23,29
787,39,64,26,27
788,46,60,27,38
789,51,59,24,34
790,35,60,25,34
791,43,64,32,34
792,45,66,35,30
793,44,56,36,32
794,51,55,43,33
795,53,55,42,30
796,43,60,47,34
797,41,59,37,33
798,46,58,43,29
799,62,66,44,25
800,53,60,36,29
801,50,47,40,29
802,51,55,45,26
803,56,59,44,24
804,49,48,41,31
805,43,50,35,29
806,43,51,34,26
807,50,64,39,27
808,46,65,33,31
809,47,57,30,22
810,51,59,32,23
811,60,48,26,26
812,49,44,36,23
813,52,39,41,25
814,55,62,39,23
815,57,52,38,22
816,46,58,38,20
817,38,59,41,18
818,49,57,40,15
819,44,62,32,17
820,47,51,38,18
821,45,52,43,14
822,45,45,37,22
823,44,50,31,26
824,40,61,31,26
825,38,47,39,28
826,40,51,35,29
827,43,52,29,29
828,37,55,37,29
829,42,60,32,32
830,44,50,35,29
831,35,56,31,39
832,45,58,38,38
833,41,57,36,28
834,42,53,37,26
835,46,59,36,25
836,46,64,32,26
837,49,57,34,26
838,42,69,30,20
839,47,58,29,29
840,44,60,27,31
841,51,60,30,23
842,51,61,30,24
843,45,68,31,28
844,44,66,31,21
845,41,65,31,22
846,42,68,35,23
847,36,78,33,25
848,44,56,34,30
849,41,69,30,21
850,39,74,40,20
851,40,57,41,21
852,50,66,33,24
853,34,66,40,22
854,40,75,37,29
855,46,68,39,21
856,47,64,38,29
857,41,67,39,28
858,45,66,33,28
859,45,66,37,28
860,43,62,37,23
861,47,65,31,30
862,48,62,33,29
863,42,81,28,25
864,43,61,31,29
865,57,58,36,24
866,44,63,31,28
867,49,58,30,30
868,38,63,33,25
869,41,50,27,38
870,38,55,29,36
871,47,72,26,36
872,52,55,25,39
873,50,68,21,33
874,43,76,21,34
875,49,60,22,40
876,41,70,25,37
877,43,65,20,34
878,41,65,24,30
879,34,72,28,26
880,43,63,29,26
881,41,63,29,33
882,40,69,30,32
883,48,73,34,29
884,30,64,31,42
885,51,64,26,42
886,37,60,26,37
887,26,62,29,43
888,32,66,31,40
889,36,64,34,40
890,37,50,35,37
891,33,53,30,39
892,35,54,34,37
893,39,53,39,35
894,41,60,35,33
895,45,47,33,35
896,44,51,35,38
897,41,65,32,44
898,45,71,31,38
899,53,63,35,42
900,37,57,34,52
901,46,61,36,51
902,38,64,32,49
903,37,66,38,51
904,41,61,24,54
905,47,62,27,52
906,39,64,40,47
907,37,56,33,51
908,38,57,33,41
909,41,74,30,43
910,31,66,28,40
911,36,79,26,48
912,29,66,30,55
913,35,52,34,52
914,40,65,34,47
915,30,63,31,46
916,39,67,33,39
917,41,61,30,41
918,39,61,34,38
919,42,69,33,34
920,36,59,33,38
921,26,61,27,43
922,43,59,34,39
923,36,61,24,29
924,50,67,23,46
925,50,63,22,35
926,45,68,24,33
927,42,66,26,30
928,47,81,18,38
929,44,68,25,35
930,49,68,25,35
931,42,70,26,28
932,50,63,32,24
933,52,55,28,29
934,49,60,30,28
935,55,59,22,28
936,47,58,22,34
937,48,60,25,34
938,45,66,27,32
939,49,57,24,32
940,38,57,23,32
941,54,54,27,29
942,40,57,23,33
943,40,56,22,27
944,38,66,28,25
945,43,66,21,25
946,55,53,18,26
947,41,62,20,24
948,45,68,20,27
949,52,65,14,34
950,46,62,19,36
951,49,61,21,25
952,49,57,19,31
953,50,67,23,34
954,49,55,23,40
955,55,66,22,31
956,48,53,25,40
957,49,59,27,34
958,59,58,28,30
959,60,57,19,22
960,53,50,21,30
961,49,58,16,30
962,54,50,23,24
963,50,60,26,30
964,65,56,26,25
965,55,53,27,28
966,46,41,33,24
967,46,40,32,33
968,54,42,27,31
969,56,40,28,28
970,53,43,23,40
971,54,40,29,36
972,55,42,28,32
973,48,42,26,25
974,66,46,31,31
975,43,51,24,26
976,43,39,19,33
977,56,48,25,30
978,58,44,20,26
979,50,43,21,23
980,67,45,22,25
981,57,43,21,24
982,52,40,25,23
983,48,46,24,23
984,49,55,19,22
985,56,45,23,26
986,50,49,24,31
987,41,46,25,32
988,53,47,29,25
989,52,43,30,25
990,51,50,30,27
991,43,42,29,24
992,51,50,27,26
993,58,47,28,32
994,52,49,26,33
995,47,51,25,32
996,51,42,33,25
997,48,40,24,20
998,44,39,26,18
999,43,42,35,19
1000,48,44,31,20
1001,53,40,23,16
1002,55,49,25,17
1003,59,50,28,21
1004,62,62,19,22
1005,54,52,23,16
1006,43,49,21,22
1007,59,51,23,22
1008,53,59,23,24
1009,44,54,18,23
1010,46,60,17,26
1011,41,56,20,30
1012,33,54,22,32
1013,43,50,17,34
1014,38,45,16,31
1015,45,48,21,26
1016,26,48,20,33
1017,39,52,21,38
1018,41,53,22,38
1019,36,47,20,39
1020,24,48,18,37
1021,37,43,16,31
1022,35,45,23,28
1023,41,40,25,24
1024,47,42,26,26
1025,39,46,27,23
1026,30,42,25,27
1027,43,41,25,32
1028,38,37,22,30
1029,49,36,25,31
1030,41,40,35,25
1031,40,40,24,20
1032,41,35,30,20
1033,32,33,28,22
1034,35,29,30,21
1035,37,36,31,27
1036,28,39,33,25
1037,38,42,31,22
1038,42,44,30,22
1039,43,37,21,22
1040,52,43,21,21
1041,43,39,19,23
1042,37,43,18,22
1043,33,47,19,20
1044,46,45,17,22
1045,44,45,16,17
1046,48,49,15,21
1047,38,41,20,18
1048,37,51,18,21
1049,45,51,19,18
1050,34,52,22,19
1051,39,47,20,17
1052,39,53,18,20
1053,41,56,21,18
1054,39,57,21,21
1055,33,64,19,28
1056,32,53,19,27
1057,37,63,20,26
1058,36,55,23,26
1059,28,62,23,24
1060,47,57,22,21
1061,34,62,27,20
1062,37,64,35,20
1063,33,63,35,19
1064,34,53,29,21
1065,43,56,28,21
1066,40,63,36,24
1067,40,60,37,24
1068,41,58,46,19
1069,42,47,42,20
1070,42,58,39,23
1071,47,54,37,28
1072,37,59,39,26
1073,32,62,41,24
1074,35,58,38,25
1075,33,58,24,23
1076,39,45,26,26
1077,43,46,30,29
1078,44,44,29,34
1079,41,59,24,30
1080,36,56,27,30
1081,43,56,25,28
1082,37,52,25,34
1083,35,52,21,31
1084,32,49,24,28
1085,35,46,27,28
1086,43,48,31,27
1087,36,53,25,22
1088,27,46,29,23
1089,29,51,32,22
1090,40,48,24,34
1091,36,50,24,31
1092,42,54,24,25
1093,41,57,32,25
1094,45,53,24,28
1095,42,52,32,24
1096,39,56,33,18
1097,37,46,26,17
1098,39,62,29,17
1099,34,45,25,18
1100,35,45,28,19
1101,34,56,34,19
1102,46,64,22,20
1103,43,47,20,24
1104,41,45,19,22
1105,41,48,22,23
1106,42,40,17,21
1107,48,54,19,24
1108,35,50,24,27
1109,40,50,22,25
1110,41,55,25,21
1111,44,48,25,19
1112,36,47,25,17
1113,37,40,27,12
1114,47,49,25,14
1115,46,40,36,13
1116,40,37,31,18
1117,41,43,20,15
1118,32,54,24,17
1119,34,50,25,20
1120,38,57,23,24
1121,28,51,19,32
1122,39,41,23,31
1123,40,52,27,28
1124,24,51,23,27
1125,39,50,23,20
1126,34,45,20,26
1127,36,55,22,21
1128,36,47,29,25
1129,40,43,26,25
1130,45,43,32,24
1131,41,37,35,20
1132,45,44,35,18
1133,48,47,37,20
1134,44,47,34,24
1135,45,41,26,28
1136,45,40,25,30
1137,33,53,24,31
1138,37,53,21,29
1139,32,46,24,28
1140,41,41,22,28
1141,30,39,21,29
1142,38,48,20,31
1143,28,48,21,23
1144,34,43,22,30
1145,28,57,20,32
1146,38,54,18,28
1147,48,55,23,33
1148,34,56,18,27
1149,47,57,20,16
1150,50,60,19,20
1151,53,60,18,16
1152,50,55,18,22
1153,60,56,21,16
1154,49,52,21,18
1155,40,50,21,24
1156,41,43,22,17
1157,52,39,25,23
1158,43,46,29,22
1159,39,46,31,18
1160,40,40,25,21
1161,36,44,19,23
1162,45,46,20,22
1163,43,53,23,24
1164,44,39,17,26
1165,54,46,20,29
1166,37,56,24,30
1167,47,45,21,30
1168,43,44,21,24
1169,44,37,22,33
1170,46,40,22,33
1171,47,43,21,26
1172,43,46,20,30
1173,41,39,19,29
1174,48,54,22,29
1175,49,51,16,31
1176,42,58,15,31
1177,40,54,17,24
1178,46,48,20,25
1179,50,58,19,23
1180,45,50,22,24
1181,46,57,25,26
1182,38,57,19,22
1183,35,58,23,23
1184,49,51,28,22
1185,63,48,22,29
1186,48,52,26,25
1187,43,57,21,26
1188,39,46,27,24
1189,41,54,19,22
1190,36,48,23,20
1191,45,46,24,24
1192,31,58,24,24
1193,45,66,25,22
1194,40,68,20,24
1195,43,58,19,18
1196,30,70,25,24
1197,43,74,23,21
1198,46,72,24,27
1199,47,78,23,25
1200,44,60,25,28
1201,45,71,24,24
1202,49,71,22,22
1203,38,75,26,23
1204,49,66,22,23
1205,47,74,20,25
1206,48,53,18,25
1207,38,60,21,31
1208,35,45,23,29
1209,35,50,22,27
1210,43,48,19,26
1211,40,45,19,27
1212,43,37,20,26
1213,45,58,23,26
1214,46,55,14,20
1215,40,48,21,30
1216,54,48,18,24
1217,63,44,18,33
1218,48,51,22,27
1219,45,49,23,27
1220,35,52,26,28
1221,43,55,25,27
1222,47,51,26,25
1223,43,60,28,28
1224,46,59,23,29
1225,41,56,25,26
1226,42,55,21,24
1227,47,54,21,20
1228,47,56,19,26
1229,51,55,18,27
1230,41,46,18,31
1231,46,46,14,30
1232,49,64,18,25
1233,47,54,22,29
1234,48,52,18,40
1235,42,41,23,29
1236,46,44,14,32
1237,41,55,16,34
1238,34,40,13,26
1239,37,45,21,26
1240,50,54,24,22
1241,40,55,26,27
1242,43,53,22,32
1243,39,48,21,27
1244,46,52,24,25
1245,46,51,28,41
1246,48,58,19,29
1247,48,55,18,35
1248,47,55,14,32
1249,45,46,18,35
1250,41,66,16,28
1251,45,72,18,30
1252,42,62,15,39
1253,41,63,16,45
1254,40,59,19,41
1255,37,61,24,44
1256,39,50,29,44
1257,38,57,31,40
1258,42,54,20,42
1259,39,48,22,40
1260,35,50,20,48
1261,39,56,17,43
1262,41,58,15,50
1263,55,48,19,43
1264,46,40,24,48
1265,40,48,21,41
1266,48,38,18,37
1267,55,41,20,29
1268,45,35,24,33
1269,46,44,21,31
1270,37,43,20,37
1271,40,39,13,38
1272,40,44,12,38
1273,52,32,11,38
1274,45,39,11,38
1275,38,43,14,33
1276,36,37,12,37
1277,43,34,13,34
1278,43,40,14,39
1279,39,51,17,39
1280,40,48,13,36
1281,46,49,17,36
1282,42,45,18,37
1283,48,39,18,40
1284,47,45,19,39
1285,43,48,17,33
1286,49,37,16,39
1287,43,44,12,38
1288,43,53,11,38
1289,43,45,13,36
1290,47,39,16,32
1291,41,41,12,36
1292,39,50,15,37
1293,44,44,17,36
1294,46,41,18,39
1295,40,35,17,30
1296,40,42,20,28
1297,44,30,17,35
1298,43,36,14,28
1299,37,33,16,31
1300,43,39,18,33
1301,37,39,16,29
1302,42,51,16,30
1303,48,37,17,32
1304,46,38,14,30
1305,45,36,20,32
1306,44,43,20,28
1307,51,40,18,32
1308,46,45,16,28
1309,50,43,16,37
1310,40,41,15,32
1311,44,40,13,29
1312,46,49,14,27
1313,50,36,14,31
1314,53,43,12,35
1315,36,38,16,40
1316,44,37,14,37
1317,40,45,13,37
1318,39,45,16,33
1319,32,45,15,35
1320,42,47,13,34
1321,43,50,11,39
1322,45,51,11,30
1323,37,42,15,30
1324,37,47,15,34
1325,37,37,14,43
1326,36,45,15,37
1327,32,47,17,36
1328,34,46,14,40
1329,28,47,21,44
1330,34,46,21,38
1331,45,41,21,37
1332,40,48,14,37
1333,52,49,18,32
1334,41,45,21,29
1335,44,36,22,23
1336,38,38,21,35
1337,39,43,23,29
1338,32,41,20,30
1339,41,41,19,28
1340,52,38,18,28
1341,54,35,17,33
1342,44,44,17,31
1343,41,44,21,25
1344,38,31,19,22
1345,38,41,18,34
1346,44,30,14,31
1347,33,37,14,25
1348,38,36,12,29
1349,42,30,15,29
1350,39,33,17,29
1351,45,33,18,25
1352,42,45,20,31
1353,40,42,20,37
1354,39,41,21,32
1355,42,37,17,32
1356,39,38,15,34
1357,42,40,17,33
1358,45,34,18,31
1359,38,35,22,30
1360,33,40,18,21
1361,40,42,21,26
1362,35,35,21,26
1363,38,44,19,30
1364,40,50,20,29
1365,41,56,18,29
1366,43,56,13,26
1367,46,44,13,29
1368,41,55,14,30
1369,46,52,17,28
1370,39,53,17,23
1371,41,55,17,26
1372,48,51,16,27
1373,36,54,17,31
1374,34,54,19,30
1375,37,48,21,22
1376,35,47,24,21
1377,37,47,26,27
1378,42,44,18,27
1379,37,41,16,26
1380,33,48,17,26
1381,44,41,16,22
1382,33,48,26,17
1383,32,39,26,19
1384,37,37,29,22
1385,40,42,21,17
1386,29,48,20,23
1387,36,48,17,19
1388,32,38,22,25
1389,44,48,11,28
1390,34,53,14,25
1391,36,42,17,24
1392,38,51,24,27
1393,30,48,18,23
1394,34,41,19,24
1395,37,46,19,21
1396,39,62,21,21
1397,32,54,17,17
1398,36,58,16,21
1399,36,51,15,20
1400,42,62,13,20
1401,37,48,18,23
1402,36,49,19,16
1403,40,41,23,23
1404,50,51,26,24
1405,32,64,19,26
1406,35,55,16,23
1407,33,65,13,23
1408,25,50,17,21
1409,26,60,18,22
1410,38,54,16,22
1411,29,54,17,22
1412,37,62,17,21
1413,43,50,15,26
1414,28,60,20,36
1415,31,56,15,28
1416,25,54,18,29
1417,31,65,18,30
1418,34,56,25,32
1419,31,53,23,30
1420,32,58,32,30
1421,34,46,36,28
1422,35,46,36,25
1423,33,56,41,29
1424,26,54,38,29
1425,24,45,32,27
1426,29,55,41,25
1427,28,45,38,26
1428,33,54,41,23
1429,28,51,38,28
1430,28,54,38,33
1431,23,65,35,27
1432,22,60,27,33
1433,36,60,29,35
1434,30,58,26,31
1435,34,59,24,31
1436,30,54,25,27
1437,29,57,23,33
1438,31,58,22,26
1439,39,55,26,26
1440,30,59,21,26
1441,41,58,22,21
1442,44,56,25,22
1443,49,61,29,20
1444,45,60,24,20
1445,36,59,26,20
1446,46,52,29,25
1447,44,53,24,19
1448,46,53,30,17
1449,54,58,25,16
1450,42,48,25,13
1451,47,54,23,15
1452,40,49,26,14
1453,60,38,30,18
1454,48,44,32,17
1455,29,38,31,22
1456,33,40,30,25
1457,35,41,29,27
1458,42,42,25,24
1459,38,52,21,24
1460,42,51,18,29
1461,45,56,17,31
1462,33,69,14,33
1463,42,68,15,31
1464,40,57,16,34
1465,43,52,12,38
1466,35,58,15,37
1467,42,46,21,31
1468,34,52,21,34
1469,34,59,26,33
1470,37,48,28,25
1471,28,57,32,24
1472,38,50,30,27
1473,38,47,28,25
1474,45,60,17,25
1475,40,64,23,25
1476,43,60,20,28
1477,42,49,25,29
1478,48,56,20,31
1479,48,42,22,28
1480,48,57,26,30
1481,41,56,23,30
1482,39,64,22,30
1483,45,49,16,35
1484,33,52,19,31
1485,44,57,16,34
1486,46,55,18,32
1487,45,60,10,35
1488,39,56,10,37
1489,43,54,10,34
1490,44,43,11,25
1491,47,55,13,25
1492,44,42,11,29
1493,45,52,13,26
1494,45,48,9,28
1495,53,47,14,28
1496,31,41,11,29
1497,36,38,11,31
1498,45,42,14,27
1499,40,47,14,26
1500,49,38,12,26
1501,34,41,15,24
1502,35,39,18,28
1503,40,38,17,27
1504,48,35,19,26
1505,43,38,17,26
1506,42,44,17,27
1507,38,41,14,26
1508,45,38,15,28
1509,38,48,18,25
1510,47,51,19,22
1511,32,38,20,23
1512,47,50,23,23
1513,43,53,16,32
1514,39,49,18,32
1515,36,47,21,24
1516,37,54,22,28
1517,39,47,19,29
1518,49,49,28,23
1519,41,55,23,26
1520,31,53,30,25
1521,37,50,35,20
1522,50,61,25,27
1523,38,48,23,26
1524,46,55,23,28
1525,35,45,20,31
1526,40,53,22,27
1527,44,50,21,28
1528,38,55,15,27
1529,37,49,18,28
1530,39,53,19,29
1531,40,50,20,30
1532,30,49,17,30
1533,36,48,20,30
1534,25,56,18,29
1535,32,41,24,32
1536,27,50,21,21
1537,39,59,18,27
1538,40,44,19,31
1539,40,42,20,31
1540,33,50,27,33
1541,32,47,21,27
1542,37,43,15,37
1543,41,51,15,31
1544,39,55,17,29
1545,40,52,17,27
1546,43,56,18,32
1547,42,51,19,34
1548,51,48,20,28
1549,46,53,18,32
1550,32,56,20,29
1551,34,55,21,27
1552,37,53,19,28
1553,45,55,23,27
1554,46,49,24,24
1555,54,58,26,23
1556,43,59,22,23
1557,30,55,23,23
1558,42,56,26,30
1559,27,57,26,25
1560,41,54,23,29
1561,41,57,18,28
1562,41,60,25,24
1563,50,62,18,30
1564,48,60,20,31
1565,36,65,17,30
1566,38,66,17,28
1567,37,65,17,26
1568,42,75,17,21
1569,35,64,25,18
1570,35,64,25,23
1571,33,66,26,25
1572,36,57,25,24
1573,35,68,20,20
1574,32,69,22,22
1575,26,74,22,21
1576,23,65,24,21
1577,31,51,22,23
1578,30,63,20,29
1579,41,72,19,29
1580,23,60,27,25
1581,31,70,21,31
1582,34,63,18,27
1583,32,66,16,30
1584,40,65,17,28
1585,39,70,18,28
1586,31,59,18,28
1587,32,60,20,21
1588,39,60,21,27
1589,38,61,23,23
1590,43,72,25,24
1591,34,52,27,26
1592,34,62,26,25
1593,36,67,17,23
1594,38,58,18,25
1595,38,54,11,37
1596,34,61,10,34
1597,34,62,12,28
1598,29,49,11,23
1599,27,57,21,19
1600,29,52,23,17
1601,40,45,20,19
1602,35,41,25,15
1603,42,43,25,16
1604,48,42,20,17
1605,42,44,24,17
1606,36,43,25,14
1607,32,49,21,17
1608,35,47,20,17
1609,41,46,23,15
1610,30,45,24,15
1611,39,51,25,20
1612,40,56,27,21
1613,36,47,23,23
1614,45,59,24,17
1615,48,57,26,18
1616,37,58,22,18
1617,33,62,22,16
1618,36,51,26,13
1619,41,61,33,18
1620,36,59,29,20
1621,37,58,26,21
1622,38,56,26,19
1623,38,55,27,24
1624,44,52,38,18
1625,39,51,35,23
1626,41,46,34,21
1627,36,49,28,23
1628,42,50,23,23
1629,42,51,26,25
1630,41,56,29,22
1631,47,50,34,27
1632,44,52,32,24
1633,29,52,26,24
1634,37,53,28,21
1635,41,48,34,17
1636,33,47,30,18
1637,42,45,29,17
1638,48,58,33,24
1639,40,45,32,24
1640,51,43,23,28
1641,40,52,31,29
1642,47,49,27,30
1643,36,49,27,29
1644,39,36,29,31
1645,27,40,28,34
1646,33,40,29,33
1647,33,45,24,32
1648,44,49,23,26
1649,36,53,21,31
1650,43,49,16,38
1651,43,61,12,33
1652,37,60,12,34
1653,49,39,18,29
1654,45,46,17,36
1655,45,43,20,28
1656,41,52,19,31
1657,40,46,14,30
1658,50,38,20,30
1659,51,41,17,28
1660,48,41,13,25
1661,43,41,18,28
1662,47,49,17,29
1663,40,43,16,30
1664,39,43,17,27
1665,45,41,12,19
1666,53,51,13,21
1667,41,50,12,21
1668,36,53,11,19
1669,47,61,12,18
1670,50,61,14,26
1671,51,51,16,23
1672,45,50,15,24
1673,43,52,14,22
1674,45,54,21,18
1675,50,59,18,16
1676,39,53,13,17
1677,47,55,15,13
1678,49,55,11,10
1679,46,45,16,11
1680,44,47,13,10
1681,40,56,10,12
1682,47,50,11,15
1683,33,58,15,8
1684,36,57,18,14
1685,38,45,17,13
1686,31,53,20,12
1687,33,48,24,12
1688,42,50,16,13
1689,49,48,13,11
1690,39,49,15,14
1691,43,46,17,13
1692,47,51,17,11
1693,43,48,17,11
1694,43,38,18,12
1695,48,51,18,15
1696,47,53,19,18
1697,34,44,16,14
1698,49,48,19,21
1699,41,45,20,20
1700,47,48,19,18
1701,42,37,15,21
1702,42,51,16,19
1703,46,54,16,20
1704,50,51,17,20
1705,48,50,19,27
1706,39,55,14,27
1707,41,46,14,31
1708,44,52,11,23
1709,47,36,20,31
1710,44,44,18,23
1711,38,37,16,21
1712,45,46,15,23
1713,40,44,18,20
1714,45,34,16,28
1715,38,46,16,28
1716,47,38,18,26
1717,43,45,17,23
1718,52,41,18,23
1719,42,38,20,16
1720,31,46,22,12
1721,44,39,18,17
1722,50,39,18,21
1723,41,38,20,26
1724,44,33,16,19
1725,35,44,15,25
1726,41,38,9,24
1727,44,40,16,24
1728,40,39,16,20
1729,41,42,16,22
1730,41,38,15,25
1731,45,39,15,18
1732,40,34,12,28
1733,50,36,10,23
1734,41,41,11,27
1735,35,40,13,28
1736,40,37,16,25
1737,51,34,9,27
1738,33,37,9,28
1739,36,50,9,23
1740,41,48,11,19
1741,45,52,8,19
1742,37,48,9,24
1743,43,51,10,27
1744,44,43,11,26
1745,44,48,10,31
1746,46,46,12,32
1747,47,49,13,34
1748,46,39,13,31
1749,44,49,20,31
1750,39,52,17,29
1751,43,38,16,27
1752,42,40,20,23
1753,35,40,19,21
1754,42,45,23,23
1755,36,37,22,23
1756,40,40,23,23
1757,39,43,21,27
1758,36,50,24,26
1759,43,44,16,24
1760,40,40,19,24
1761,37,42,19,20
1762,41,45,17,15
1763,43,39,20,19
1764,44,39,26,17
1765,48,44,24,16
1766,41,43,25,19
1767,42,38,25,20
1768,36,44,20,20
1769,39,54,25,23
1770,34,45,21,25
1771,34,50,23,20
1772,37,49,19,28
1773,32,49,24,27
1774,24,49,22,29
1775,31,39,21,33
1776,28,46,25,25
1777,30,42,24,28
1778,37,47,25,34
1779,32,50,21,29
1780,40,50,26,30
1781,36,49,19,23
1782,45,48,18,23
1783,41,59,20,21
1784,44,49,16,20
1785,39,53,12,27
1786,34,54,11,31
1787,40,49,15,27
1788,35,44,13,26
1789,35,51,11,32
1790,31,46,17,31
1791,49,45,25,31
1792,47,40,19,33
1793,36,50,16,34
1794,36,46,14,34
1795,32,41,11,36
1796,34,51,12,34
1797,45,49,16,28
1798,35,38,17,36
1799,35,45,14,39
1800,42,46,15,40
1801,42,42,18,36
1802,41,42,16,30
1803,38,39,20,30
1804,39,47,17,32
1805,43,43,16,25
1806,42,41,17,25
1807,53,49,21,21
1808,40,45,21,18
1809,44,40,17,20
1810,35,46,21,17
1811,33,38,17,25
1812,29,46,16,19
1813,37,56,14,26
1814,48,49,17,19
1815,47,43,18,19
1816,44,46,20,15
1817,41,52,22,17
1818,46,47,20,17
1819,41,44,20,20
1820,42,46,22,19
1821,48,46,20,17
1822,48,53,17,19
1823,41,49,21,18
1824,47,51,20,20
1825,39,47,28,22
1826,35,41,25,25
1827,37,48,29,25
1828,33,39,21,31
1829,34,35,23,28
1830,34,45,26,32
1831,36,48,24,23
1832,42,61,23,25
1833,40,56,22,33
1834,44,53,23,23
1835,44,54,18,24
1836,51,42,23,23
1837,38,58,21,23
1838,41,48,21,17
1839,44,37,21,18
1840,35,50,20,18
1841,31,39,22,26
1842,35,35,20,31
1843,32,51,18,30
1844,36,43,20,33
1845,36,38,23,35
1846,45,40,18,42
1847,38,39,17,32
1848,43,41,16,40
1849,32,44,19,35
1850,42,39,18,34
1851,37,43,17,33
1852,36,26,22,30
1853,41,29,19,34
1854,37,32,21,33
1855,39,37,19,33
1856,40,41,19,33
1857,40,33,15,33
1858,41,51,18,30
1859,41,43,19,21
1860,39,44,17,21
1861,53,37,17,20
1862,52,40,15,20
1863,44,38,14,24
1864,48,46,13,21
1865,46,41,18,20
1866,53,48,18,29
1867,43,45,16,30
1868,36,48,13,33
1869,43,50,13,33
1870,45,45,15,35
1871,49,40,17,30
1872,51,36,17,29
1873,50,34,15,27
1874,43,40,21,24
1875,47,36,24,24
1876,44,28,19,28
1877,55,37,21,26
1878,58,26,22,32
1879,52,39,22,31
1880,49,37,22,30
1881,47,27,28,34
1882,58,33,25,31
1883,41,32,19,29
1884,49,34,26,31
1885,46,38,24,28
1886,51,28,31,36
1887,49,38,29,31
1888,48,42,28,27
1889,43,41,24,31
1890,50,38,23,27
1891,44,44,27,28
1892,44,47,28,29
1893,47,50,19,26
1894,48,56,20,26
1895,41,62,18,29
1896,44,70,24,23
1897,40,61,18,21
1898,44,71,14,23
1899,40,59,15,23
1900,40,59,13,25
1901,36,61,21,28
1902,45,69,20,24
1903,50,52,22,19
1904,42,57,25,25
1905,40,54,20,20
1906,49,66,15,19
1907,29,55,21,25
1908,42,62,24,25
1909,37,61,22,24
1910,36,63,21,24
1911,44,61,17,24
1912,47,67,17,22
1913,37,57,15,24
1914,42,54,17,18
1915,52,52,20,17
1916,40,53,16,16
1917,41,45,20,22
1918,49,55,20,23
1919,48,56,16,20
1920,56,66,17,18
1921,61,57,18,21
1922,48,59,20,19
1923,56,62,20,19
1924,46,72,15,20
1925,38,61,8,23
1926,38,60,12,32
1927,41,61,15,25
1928,37,56,14,23
1929,46,50,16,25
1930,48,54,18,21
1931,43,57,18,23
1932,42,61,19,20
1933,44,58,17,20
1934,45,54,16,18
1935,44,52,19,20
1936,30,66,17,28
1937,42,62,15,31
1938,39,61,21,30
1939,34,59,25,33
1940,36,50,18,30
1941,37,51,18,34
1942,53,48,19,25
1943,43,55,19,30
1944,42,52,16,33
1945,43,46,23,31
1946,48,61,20,34
1947,37,54,16,29
1948,43,48,14,26
1949,47,45,13,25
1950,41,54,18,22
1951,46,50,14,20
1952,42,41,14,18
1953,35,48,11,19
1954,35,48,13,20
1955,45,51,16,18
1956,35,59,14,21
1957,35,50,15,22
1958,41,56,15,20
1959,37,53,17,17
1960,36,53,17,18
1961,35,56,17,23
1962,27,44,16,23
1963,42,47,17,27
1964,50,51,16,25
1965,50,45,17,23
1966,52,50,15,21
1967,46,46,19,14
1968,41,51,16,14
1969,32,50,15,18
1970,35,48,14,17
1971,45,53,10,23
1972,32,48,17,20
1973,39,51,11,22
1974,38,53,11,18
1975,44,49,10,19
1976,39,66,7,21
1977,39,52,8,27
1978,42,55,12,24
1979,41,52,16,25
1980,52,58,14,27
1981,55,52,11,19
1982,45,53,13,25
1983,47,57,13,20
1984,51,53,12,22
1985,48,59,14,21
1986,46,61,12,23
1987,40,60,13,28
1988,44,52,21,23
1989,33,56,15,25
1990,52,55,16,31
1991,45,56,16,30
1992,44,49,14,26
1993,41,51,16,23
1994,44,52,17,27
1995,39,44,19,27
1996,30,47,17,26
1997,38,54,18,27
1998,36,53,16,32
1999,48,57,15,22
2000,42,55,15,16
2001,42,53,12,17
2002,45,54,18,19
2003,38,63,17,17
2004,46,49,16,16
2005,44,44,15,17
2006,49,55,14,19
2007,51,52,20,13
2008,40,52,18,13
2009,54,62,15,18
2010,43,46,13,19
2011,48,55,13,22
2012,43,55,11,24
2013,43,47,14,19
2014,45,45,16,15
2015,47,44,15,17
2016,42,44,19,15
2017,45,47,16,19
2018,48,45,13,21
2019,47,40,16,20
2020,44,40,16,21
2021,49,49,14,18
2022,43,42,15,21
2023,46,43,17,19
2024,46,40,18,17
2025,37,44,17,24
2026,46,41,20,22
2027,42,42,20,21
2028,42,48,21,25
2029,38,47,20,22
2030,39,53,13,26
2031,32,53,16,21
2032,42,62,17,21
2033,36,43,20,21
2034,35,51,18,26
2035,42,55,20,24
2036,37,49,23,25
2037,43,50,19,21
2038,46,47,21,25
2039,37,50,20,28
2040,42,48,16,25
2041,39,36,18,22
2042,39,43,17,21
2043,47,40,18,20
2044,39,42,12,19
2045,39,44,10,25
2046,38,46,11,22
2047,36,45,13,21
2048,32,59,12,18
2049,32,48,15,18
2050,36,54,14,20
2051,41,49,14,15
2052,37,57,14,18
2053,34,49,17,19
2054,25,47,17,15
2055,32,55,13,21
2056,29,56,13,19
2057,28,48,10,20
2058,34,51,10,21
2059,30,52,12,21
2060,35,50,18,18
2061,34,52,17,16
2062,43,49,13,12
2063,37,56,21,13
2064,39,53,16,20
2065,27,55,14,18
2066,36,49,12,21
2067,38,52,16,18
2068,35,50,13,20
2069,32,48,10,18
2070,35,50,11,21
2071,40,43,13,21
2072,34,41,12,21
2073,27,42,15,24
2074,26,41,16,21
2075,29,36,14,23
2076,38,37,14,21
2077,34,42,15,22
2078,41,38,12,20
2079,44,41,6,22
2080,37,40,6,27
2081,32,36,8,21
2082,40,46,7,30
2083,41,46,8,32
2084,41,39,4,32
2085,45,46,6,28
2086,40,38,7,29
2087,39,48,9,30
2088,44,43,8,28
2089,32,48,10,33
2090,36,44,9,35
2091,33,46,10,30
2092,40,53,16,29
2093,41,49,15,20
2094,45,52,19,18
2095,46,55,22,19
2096,36,49,20,20
2097,39,48,22,17
2098,36,47,21,14
2099,42,62,21,12
2100,42,60,16,16
2101,49,58,19,19
2102,44,61,18,22
2103,38,60,11,27
2104,31,54,10,22
2105,40,58,9,16
2106,32,69,11,19
2107,27,70,10,14
2108,31,53,10,15
2109,32,54,12,12
2110,37,55,14,13
2111,29,56,12,13
2112,38,55,17,16
2113,36,57,17,10
2114,34,49,21,15
2115,33,55,19,20
2116,32,56,18,18
2117,33,64,18,19
2118,34,60,13,21
2119,35,58,18,25
2120,35,55,19,31
2121,42,51,12,28
2122,44,62,15,29
2123,43,59,15,30
2124,39,51,19,31
2125,41,49,23,34
2126,26,53,24,35
2127,32,57,27,33
2128,38,66,25,29
2129,41,52,21,26
2130,33,49,18,29
2131,44,57,17,31
2132,42,51,17,32
2133,51,51,15,35
2134,45,55,19,33
2135,51,52,19,29
2136,48,46,18,32
2137,50,47,20,27
2138,44,49,21,28
2139,46,46,20,30
2140,44,54,23,28
2141,50,60,16,24
2142,50,56,16,29
2143,40,61,16,23
2144,37,60,10,21
2145,46,51,13,21
2146,33,47,11,25
2147,41,51,16,24
2148,49,55,15,24
2149,57,57,19,22
2150,53,55,18,20
2151,36,58,13,28
2152,32,59,15,30
2153,35,62,11,31
2154,35,62,11,29
2155,39,59,14,25
2156,44,56,14,26
2157,41,65,10,34
2158,35,66,13,35
2159,40,75,12,28
2160,43,60,17,35
2161,31,68,19,35
2162,33,71,13,35
2163,38,56,22,35
2164,35,56,21,36
2165,37,53,23,33
2166,33,64,23,32
2167,30,58,22,37
2168,33,56,21,33
2169,33,48,18,33
2170,30,49,15,32
2171,45,62,17,39
2172,54,50,19,36
2173,40,58,18,35
2174,44,57,24,40
2175,43,60,23,43
2176,47,56,24,44
2177,45,57,20,45
2178,39,51,19,48
2179,42,54,25,40
2180,37,58,23,45
2181,46,65,25,39
2182,40,68,22,46
2183,39,59,24,44
2184,33,66,23,43
2185,43,67,27,35
2186,41,67,28,34
2187,30,62,28,37
2188,38,70,28,38
2189,33,73,26,31
2190,35,71,26,30
2191,42,70,25,34
2192,34,70,31,32
2193,32,65,23,29
2194,38,72,28,23
2195,48,76,23,26
2196,39,72,20,26
2197,31,68,20,36
2198,43,62,22,33
2199,41,77,22,36
2200,38,68,18,30
2201,35,61,17,32
2202,36,61,19,31
2203,39,75,17,29
2204,36,65,18,27
2205,39,75,19,24
2206,35,65,18,30
2207,40,73,16,28
2208,37,70,20,24
2209,43,65,20,26
2210,47,69,21,26
2211,39,67,19,25
2212,43,76,15,33
2213,33,72,18,28
2214,35,74,24,22
2215,34,60,29,26
2216,38,67,30,27
2217,38,74,31,27
2218,37,70,28,28
2219,41,60,27,32
2220,28,63,29,33
2221,35,69,28,31
2222,35,63,33,32
2223,35,79,30,32
2224,34,69,37,32
2225,37,83,31,34
2226,32,72,33,35
2227,35,58,39,35
2228,34,63,36,42
2229,38,61,33,34
2230,36,57,33,38
2231,36,62,28,41
2232,36,72,30,41
2233,25,57,28,37
2234,29,56,32,42
2235,25,51,32,37
2236,38,62,25,39
2237,28,65,28,39
2238,36,59,25,36
2239,35,61,29,39
2240,39,65,25,37
2241,31,72,21,41
2242,38,54,25,44
2243,34,61,17,49
2244,30,62,23,36
2245,32,62,21,36
2246,44,50,26,38
2247,37,51,23,36
2248,39,55,24,36
2249,31,58,23,38
2250,50,63,26,37
2251,46,68,25,37
2252,55,60,25,44
2253,39,64,26,40
2254,34,68,33,47
2255,49,57,29,46
2256,39,77,32,47
2257,41,71,30,48
2258,39,67,32,42
2259,39,70,37,43
2260,51,73,40,44
2261,40,57,36,43
2262,44,56,32,48
2263,42,69,43,55
2264,42,73,30,42
2265,48,71,34,45
2266,39,72,29,44
2267,30,68,37,53
2268,42,81,36,48
2269,50,82,35,51
2270,48,76,33,49
2271,43,85,31,57
2272,42,68,35,53
2273,46,75,41,47
2274,44,79,41,47
2275,43,75,39,46
2276,44,70,39,44
2277,39,68,37,52
2278,43,81,44,52
2279,39,66,47,43
2280,34,70,49,48
2281,40,61,49,45
2282,45,60,50,48
2283,44,64,42,42
2284,47,76,41,51
2285,64,58,34,50
2286,51,72,38,53
2287,40,57,33,53
2288,53,53,35,52
2289,59,63,38,49
2290,56,51,40,44
2291,64,67,40,41
2292,62,73,44,53
2293,47,59,45,53
2294,55,66,47,62
2295,43,59,41,49
2296,45,66,34,51
2297,40,75,40,54
2298,48,67,33,46
2299,47,63,38,43
2300,49,65,42,50
2301,47,52,39,55
2302,57,58,44,57
2303,50,64,42,54
2304,48,58,39,53
2305,52,61,49,49
2306,60,50,49,51
2307,48,60,48,54
2308,53,49,47,54
2309,51,52,42,48
2310,47,53,42,49
2311,54,62,38,52
2312,43,71,39,55
2313,44,66,38,61
2314,50,70,38,61
2315,34,84,37,62
2316,51,64,34,52
2317,46,84,34,61
2318,55,76,41,63
2319,52,73,36,59
2320,52,70,42,53
2321,47,58,41,53
2322,63,62,34,56
2323,51,64,39,47
2324,54,60,39,61
2325,39,56,33,52
2326,39,64,34,51
2327,43,79,32,50
2328,41,64,32,45
2329,59,70,27,48
2330,52,76,27,47
2331,58,68,30,47
2332,61,65,30,56
2333,46,64,37,48
2334,60,66,32,42
2335,52,59,32,48
2336,52,74,31,46
2337,53,81,27,45
2338,60,63,31,40
2339,56,70,33,40
2340,50,83,33,43
2341,46,60,26,41
2342,42,71,30,48
2343,50,59,32,42
2344,55,58,32,37
2345,59,67,29,33
2346,57,59,30,33
2347,60,60,32,29
2348,53,52,29,38
2349,44,71,29,38
2350,49,75,35,48
2351,45,73,28,49
2352,43,65,31,55
2353,51,61,37,44
2354,46,66,36,43
2355,47,72,37,42
2356,40,65,35,44
2357,42,67,34,41
2358,52,67,35,51
2359,50,80,36,54
2360,46,75,34,47
2361,43,75,34,47
2362,39,68,37,47
2363,32,80,36,51
2364,40,79,33,46
2365,43,81,35,48
2366,51,81,42,45
2367,43,87,38,43
2368,34,75,36,46
2369,42,67,31,47
2370,56,78,38,49
2371,40,77,36,46
2372,49,68,43,43
2373,47,65,34,42
2374,38,79,30,48
2375,40,73,38,40
2376,30,65,32,43
2377,37,67,40,37
2378,42,80,37,43
2379,40,66,29,46
2380,42,59,37,41
2381,41,71,30,45
2382,45,74,41,42
2383,41,78,36,48
2384,47,74,36,49
2385,43,81,31,49
2386,39,76,37,56
2387,54,72,35,47
2388,49,72,40,47
2389,49,73,36,48
2390,53,61,35,52
2391,54,75,37,52
2392,52,69,37,50
2393,41,70,39,54
2394,48,65,32,56
2395,51,69,32,53
2396,50,85,34,56
2397,46,79,36,64
2398,48,70,33,63
2399,49,83,40,64
2400,53,60,44,68
2401,48,70,43,64
2402,56,61,45,58
2403,45,65,45,66
2404,46,68,42,55
2405,47,65,42,61
2406,47,94,31,56
2407,44,76,36,60
2408,49,86,34,67
2409,44,68,37,61
2410,38,84,43,60
2411,48,82,44,63
2412,56,86,47,60
2413,52,68,51,50
2414,51,74,48,52
2415,42,69,43,46
2416,52,70,41,54
2417,49,80,48,54
2418,54,71,42,54
2419,59,60,49,62
2420,57,81,38,55
2421,54,78,46,68
2422,47,72,42,60
2423,54,81,37,54
2424,56,85,47,54
2425,51,86,37,54
2426,52,81,40,55
2427,57,68,37,56
2428,59,77,35,60
2429,48,80,37,55
2430,48,75,34,66
2431,48,86,30,58
2432,50,76,29,70
2433,45,74,24,63
2434,47,80,24,65
2435,66,71,27,69
2436,52,85,34,65
2437,60,81,30,63
2438,60,70,31,70
2439,67,79,37,63
2440,58,80,43,60
2441,58,78,48,61
2442,63,64,44,60
2443,55,66,48,59
2444,63,84,45,56
2445,43,76,38,51
2446,49,71,41,51
2447,45,74,41,57
2448,51,79,44,53
2449,46,83,40,61
2450,54,84,43,58
2451,46,72,35,60
2452,54,82,36,55
2453,37,68,46,57
2454,54,69,46,55
2455,48,80,48,59
2456,52,69,45,56
2457,47,60,45,53
2458,52,75,47,44
2459,47,78,50,46
2460,51,81,47,47
2461,61,58,46,56
2462,52,63,51,52
2463,52,66,43,53
2464,56,75,46,58
2465,49,76,40,57
2466,51,66,45,50
2467,56,68,47,52
2468,52,76,43,54
2469,50,68,45,59
2470,59,83,44,63
2471,53,77,42,63
2472,53,77,39,62
2473,54,72,40,63
2474,46,93,37,62
2475,56,78,37,60
2476,60,72,33,52
2477,48,87,34,57
2478,52,83,32,57
2479,59,76,32,53
2480,59,80,29,66
2481,51,76,33,60
2482,56,76,26,51
2483,51,84,26,58
2484,55,78,33,47
2485,45,75,32,53
2486,70,79,28,52
2487,59,66,33,58
2488,44,71,39,52
2489,51,59,32,50
2490,69,78,33,51
2491,56,79,29,56
2492,59,71,28,55
2493,52,62,26,58
2494,59,77,28,51
2495,63,66,40,44
2496,53,72,34,40
2497,56,84,34,44
2498,62,66,33,47
2499,43,69,31,40
2500,48,60,33,34
2501,55,61,28,35
2502,54,66,27,35
2503,54,66,29,35
2504,47,79,24,37
2505,53,70,28,32
2506,48,81,23,32
2507,47,84,30,40
2508,51,70,27,36
2509,51,77,33,42
2510,56,63,25,38
2511,43,64,32,40
2512,42,69,36,38
2513,47,79,40,36
2514,55,75,35,42
2515,60,68,36,42
2516,59,74,37,43
2517,60,73,46,39
2518,53,74,40,46
2519,66,77,43,44
2520,57,78,38,37
2521,49,77,41,45
2522,63,70,40,51
2523,58,66,33,56
2524,51,74,38,53
2525,55,89,35,41
2526,56,78,46,41
2527,47,83,39,40
2528,60,67,38,47
2529,57,79,32,45
2530,56,84,34,54
2531,64,70,32,52
2532,52,73,36,46
2533,54,69,33,43
2534,39,72,34,41
2535,62,86,36,37
2536,55,80,34,41
2537,49,73,33,35
2538,48,69,39,30
2539,47,76,37,28
2540,60,63,33,34
2541,53,61,44,33
2542,58,61,39,37
2543,50,83,47,35
2544,49,68,37,39
2545,53,65,37,47
2546,46,74,35,44
2547,58,74,28,37
2548,52,70,34,47
2549,47,64,32,48
2550,53,76,35,50
2551,57,58,39,47
2552,51,66,28,47
2553,56,70,39,49
2554,38,80,40,45
2555,40,66,38,40
2556,55,54,38,39
2557,47,59,40,34
2558,49,67,37,36
2559,52,66,31,40
2560,35,63,31,43
2561,37,62,32,40
2562,28,67,33,40
2563,35,63,32,38
2564,58,67,34,41
2565,47,60,36,37
2566,48,59,35,41
2567,44,56,38,39
2568,46,57,30,47
2569,42,55,37,49
2570,58,51,27,43
2571,38,55,32,43
2572,44,45,30,57
2573,57,59,28,52
2574,47,62,25,46
2575,50,49,28,46
2576,52,50,25,51
2577,52,46,24,52
2578,43,41,21,66
2579,54,50,20,52
2580,47,56,15,62
2581,49,42,14,68
2582,48,41,18,71
2583,44,50,22,59
2584,55,46,19,63
2585,59,47,15,62
2586,44,44,22,61
2587,46,62,24,61
2588,44,51,24,67
2589,48,47,20,65
2590,59,47,19,56
2591,49,47,26,61
2592,50,50,24,64
2593,54,48,24,60
2594,44,51,26,54
2595,53,48,28,58
2596,68,46,32,56
2597,58,45,30,52
2598,58,46,37,43
2599,56,47,27,48
2600,61,46,33,43
2601,54,37,33,36
2602,42,48,32,42
2603,51,58,27,42
2604,52,63,27,41
2605,41,53,24,44
2606,48,63,28,44
2607,31,68,27,47
2608,55,58,20,50
2609,50,74,22,52
2610,42,58,33,46
2611,47,51,27,47
2612,55,56,27,45
2613,53,62,28,43
2614,55,64,26,47
2615,51,62,31,47
2616,48,73,37,51
2617,58,64,31,52
2618,46,66,28,49
2619,53,56,30,46
2620,53,55,22,46
2621,50,69,27,52
2622,66,73,27,48
2623,60,70,27,52
2624,44,67,25,56
2625,54,72,27,62
2626,59,63,26,58
2627,57,64,23,62
2628,40,63,30,53
2629,57,76,30,57
2630,67,72,30,49
2631,49,77,26,53
2632,55,70,26,55
2633,59,66,32,55
2634,74,64,32,58
2635,50,61,36,62
2636,59,64,40,50
2637,42,58,36,55
2638,61,58,34,57
2639,54,58,39,49
2640,52,64,42,49
2641,49,67,43,43
2642,46,76,40,55
2643,47,55,45,60
2644,43,59,47,51
2645,49,57,50,45
2646,50,62,49,45
2647,53,63,38,47
2648,49,60,41,44
2649,41,70,36,50
2650,54,61,34,52
2651,56,77,31,49
2652,36,76,31,47
2653,42,75,26,46
2654,41,68,29,51
2655,39,69,25,43
2656,40,63,32,49
2657,36,68,25,52
2658,44,71,25,45
2659,45,86,26,45
2660,43,80,24,45
2661,47,82,25,46
2662,43,74,26,48
2663,40,83,27,42
2664,44,85,26,48
2665,49,61,28,45
2666,46,68,21,41
2667,53,79,23,40
2668,35,68,18,44
2669,46,63,20,40
2670,50,61,31,39
2671,39,55,25,38
2672,47,56,31,40
2673,53,58,35,39
2674,41,55,32,40
2675,48,55,34,44
2676,46,64,32,48
2677,59,65,35,41
2678,50,71,33,42
2679,64,67,33,47
2680,43,67,35,43
2681,53,60,33,48
2682,48,55,42,55
2683,48,62,39,47
2684,45,54,37,52
2685,48,51,45,53
2686,47,64,39,65
2687,39,59,37,60
2688,38,58,42,60
2689,40,54,39,61
2690,42,62,40,63
2691,43,65,40,60
2692,44,61,37,61
2693,43,62,43,67
2694,40,62,37,60
2695,33,62,39,62
2696,50,56,34,60
2697,36,57,34,57
2698,39,58,39,59
2699,32,59,32,54
2700,38,64,30,56
2701,35,63,28,53
2702,52,63,29,57
2703,54,79,30,47
2704,48,69,32,54
2705,48,58,28,46
2706,43,54,30,55
2707,41,71,29,58
2708,49,61,22,57
2709,48,62,25,53
2710,48,58,24,61
2711,55,56,23,50
2712,50,66,21,59
2713,52,69,29,53
2714,45,53,31,57
2715,50,54,29,58
2716,56,80,35,55
2717,49,58,34,57
2718,42,65,34,54
2719,44,65,31,46
2720,56,47,38,49
2721,60,69,41,36
2722,58,64,35,41
2723,65,61,33,46
2724,65,57,32,53
2725,60,51,33,48
2726,62,64,30,48
2727,53,57,33,52
2728,64,59,26,52
2729,54,57,29,51
2730,58,62,29,48
2731,54,69,28,52
2732,45,55,29,53
2733,48,61,31,40
2734,56,64,33,45
2735,55,58,35,45
2736,54,58,37,47
2737,49,58,26,47
2738,48,44,32,46
2739,59,62,31,48
2740,52,62,31,45
2741,59,73,30,51
2742,51,72,23,49
2743,54,59,25,49
2744,49,67,25,52
2745,46,73,24,53
2746,44,68,29,56
2747,39,66,30,63
2748,55,53,37,49
2749,45,57,38,53
2750,47,56,39,53
2751,55,41,43,55
2752,45,38,44,47
2753,55,49,40,48
2754,62,53,49,44
2755,56,49,42,44
2756,42,56,47,46
2757,54,46,45,45
2758,55,57,44,54
2759,51,62,40,48
2760,54,48,39,51
2761,59,57,37,41
2762,56,56,46,38
2763,58,53,39,39
2764,56,53,39,36
2765,66,54,40,38
2766,60,45,36,45
2767,71,55,28,54
2768,65,58,32,56
2769,58,57,28,53
2770,50,56,27,53
2771,68,47,27,50
2772,56,48,26,49
2773,68,64,23,51
2774,52,52,24,49
2775,47,57,20,49
2776,49,51,22,43
2777,52,56,21,35
2778,68,49,19,40
2779,55,58,20,46
2780,50,61,20,42
2781,53,57,25,45
2782,49,62,25,50
2783,65,51,30,51
2784,51,57,23,50
2785,53,56,18,51
2786,54,53,17,56
2787,57,50,17,49
2788,57,52,22,45
2789,57,60,25,56
2790,47,48,19,52
2791,61,59,28,45
2792,47,69,24,45
2793,54,69,28,47
2794,57,60,24,51
2795,55,61,24,50
2796,53,64,29,55
2797,56,56,34,52
2798,44,55,32,45
2799,45,57,28,47
2800,58,59,36,44
2801,56,60,32,42
2802,60,58,38,47
2803,56,57,35,48
2804,47,60,36,44
2805,47,58,37,39
2806,55,58,37,42
2807,48,64,37,38
2808,46,59,38,34
2809,49,59,42,34
2810,50,63,45,41
2811,44,63,44,39
2812,46,58,45,39
2813,61,71,47,36
2814,53,66,43,34
2815,55,65,42,34
2816,60,67,44,31
2817,55,69,41,30
2818,55,73,45,28
2819,71,68,41,26
2820,53,73,43,32
2821,55,62,38,34
2822,55,66,42,37
2823,62,67,43,42
2824,49,71,34,39
2825,52,70,44,33
2826,48,67,43,29
2827,47,58,42,33
2828,52,71,45,28
2829,52,74,36,31
2830,49,62,45,26
2831,42,63,39,30
2832,47,76,32,31
2833,50,63,32,33
2834,57,58,34,35
2835,55,66,32,31
2836,47,68,32,31
2837,52,70,34,31
2838,39,58,33,35
2839,53,69,35,33
2840,49,69,30,40
2841,56,61,31,46
2842,45,62,30,45
2843,50,57,25,46
2844,51,60,26,48
2845,44,54,25,46
2846,48,73,26,42
2847,50,71,33,40
2848,54,73,23,32
2849,54,69,21,31
2850,51,66,25,28
2851,59,61,28,26
2852,59,65,21,28
2853,53,53,28,25
2854,49,61,26,31
2855,48,63,25,36
2856,52,60,24,35
2857,54,55,25,33
2858,56,55,24,33
2859,49,60,26,37
2860,57,61,23,38
2861,44,59,20,30
2862,51,49,19,35
2863,57,47,22,38
2864,54,60,23,40
2865,57,51,28,42
2866,62,48,31,48
2867,48,59,25,42
2868,57,49,28,40
2869,58,52,31,45
2870,52,52,34,46
2871,51,50,31,49
2872,53,52,29,41
2873,52,59,35,46
2874,48,46,26,46
2875,57,56,26,46
2876,59,53,23,45
2877,58,68,25,42
2878,62,67,28,39
2879,53,67,28,41
2880,57,57,24,45
2881,53,45,25,42
2882,47,39,29,37
2883,50,49,38,34
2884,58,50,34,38
2885,59,47,34,40
2886,55,50,36,36
2887,49,63,42,42
2888,50,56,37,41
2889,52,45,34,37
2890,54,47,31,30
2891,48,45,35,38
2892,62,44,36,29
2893,64,44,33,36
2894,62,53,29,35
2895,57,45,35,34
2896,65,54,34,33
2897,54,58,32,31
2898,47,56,26,33
2899,50,57,25,35
2900,56,54,21,30
2901,40,43,24,39
2902,47,50,23,39
2903,40,54,19,46
2904,45,62,23,39
2905,48,65,21,43
2906,51,52,18,41
2907,58,59,12,47
2908,41,67,14,36
2909,48,74,8,35
2910,57,74,13,30
2911,49,73,15,24
2912,61,63,14,23
2913,49,60,14,21
2914,51,68,15,24
2915,53,67,16,23
2916,48,56,21,19
2917,56,58,22,19
2918,50,60,20,21
2919,65,57,21,25
2920,54,59,22,25
2921,58,62,21,22
2922,42,61,24,20
2923,48,56,22,18
2924,48,59,21,18
2925,36,70,20,14
2926,53,59,16,16
2927,41,51,21,19
2928,47,61,14,21
2929,31,68,20,22
2930,44,75,22,23
2931,43,74,18,24
2932,51,67,21,25
2933,54,72,22,28
2934,47,65,20,31
2935,46,78,15,30
2936,46,70,19,28
2937,50,62,17,24
2938,46,60,21,24
2939,46,57,23,26
2940,50,65,18,28
2941,50,56,21,31
2942,40,61,24,33
2943,48,55,21,35
2944,38,58,26,30
2945,49,59,31,38
2946,50,66,33,34
2947,56,53,29,34
2948,59,60,33,31
2949,49,57,27,29
2950,51,64,32,31
2951,46,52,33,25
2952,53,58,38,32
2953,55,51,29,36
2954,50,50,30,38
2955,53,56,29,41
2956,46,49,27,42
2957,43,55,31,39
2958,44,50,28,40
2959,30,54,28,41
2960,47,59,26,40
2961,44,60,26,42
2962,36,57,24,41
2963,34,58,26,48
2964,43,48,21,36
2965,46,59,18,41
2966,41,55,20,42
2967,46,52,24,36
2968,41,52,22,38
2969,44,50,24,36
2970,43,52,22,43
2971,37,57,27,43
2972,47,45,24,48
2973,45,47,27,49
2974,44,44,28,43
2975,45,45,28,37
2976,50,45,30,36
2977,38,47,30,42
2978,53,50,25,31
2979,49,43,27,37
2980,51,49,29,35
2981,50,47,27,40
2982,46,46,22,45
2983,41,49,23,46
2984,34,57,18,45
2985,34,55,15,52
2986,36,43,13,48
2987,41,54,21,44
2988,48,45,23,44
2989,39,49,26,36
2990,36,40,27,31
2991,43,43,25,29
2992,59,51,35,35
2993,59,45,29,39
2994,39,45,32,31
2995,37,42,29,31
2996,45,48,22,38
2997,33,51,24,43
2998,46,45,19,33
2999,37,46,20,36
3000,37,41,21,38
3001,33,51,18,46
3002,42,52,20,45
3003,35,41,22,40
3004,39,51,22,41
3005,28,49,23,39
3006,36,38,28,41
3007,38,38,26,39
3008,42,39,23,39
3009,35,39,28,42
3010,45,53,24,39
3011,51,40,21,39
3012,54,49,23,38
3013,51,56,18,38
3014,44,42,22,34
3015,42,44,20,36
3016,49,46,21,37
3017,45,47,20,40
3018,51,46,16,40
3019,55,58,16,46
3020,38,51,24,42
3021,41,41,20,40
3022,47,50,15,41
3023,45,49,18,41
3024,44,41,16,40
3025,42,36,17,38
3026,49,39,21,42
3027,47,47,24,35
3028,39,44,17,41
3029,46,39,19,40
3030,46,41,14,39
3031,47,44,14,39
3032,50,43,14,35
3033,41,52,13,39
3034,53,48,16,43
3035,48,46,19,33
3036,49,42,21,36
3037,54,40,23,34
3038,53,42,29,35
3039,53,43,29,32
3040,47,45,21,33
3041,45,41,24,32
3042,48,40,20,30
3043,41,39,18,31
3044,50,38,22,26
3045,49,34,18,30
3046,47,37,15,35
3047,53,41,19,37
3048,43,42,14,40
3049,33,44,16,37
3050,39,40,15,34
3051,42,41,16,35
3052,36,38,10,36
3053,48,44,4,41
3054,47,44,3,40
3055,44,49,4,40
3056,46,45,4,31
3057,45,37,3,30
3058,39,38,8,30
3059,40,41,9,32
3060,49,45,5,31
3061,45,45,3,28
3062,50,40,3,27
3063,54,42,3,29
3064,50,37,2,30
3065,44,49,8,36
3066,51,36,5,34
3067,60,47,6,34
3068,49,40,9,27
3069,49,53,9,28
3070,50,50,14,29
3071,55,50,13,29
3072,48,39,13,29
3073,56,39,14,28
3074,44,38,17,31
3075,47,39,15,33
3076,55,42,14,35
3077,45,37,14,37
3078,53,39,15,33
3079,54,43,9,40
3080,51,42,16,33
3081,47,41,19,40
3082,47,53,16,36
3083,42,43,15,36
3084,47,44,22,40
3085,44,45,20,35
3086,43,47,18,40
3087,51,39,19,37
3088,52,35,20,35
3089,48,43,19,34
3090,46,46,18,30
3091,43,49,15,27
3092,44,49,20,26
3093,49,45,21,26
3094,46,44,19,27
3095,36,46,15,28
3096,45,41,16,32
3097,46,52,21,29
3098,49,40,20,28
3099,52,51,21,26
3100,43,44,21,28
3101,42,57,21,23
3102,48,57,19,27
3103,36,53,17,25
3104,45,49,19,25
3105,43,45,18,28
3106,36,59,15,22
3107,37,60,19,21
3108,45,48,20,22
3109,37,58,17,25
3110,42,60,13,23
3111,28,63,12,21
3112,38,51,11,27
3113,34,58,9,26
3114,41,68,9,25
3115,39,59,10,23
3116,44,62,13,20
3117,41,58,14,26
3118,35,56,11,24
3119,43,55,18,28
3120,37,64,13,27
3121,45,43,15,30
3122,48,50,16,21
3123,55,43,20,22
3124,43,54,21,22
3125,45,50,17,22
3126,35,50,14,21
3127,37,52,18,24
3128,37,52,14,21
3129,42,51,15,22
3130,42,66,16,22
3131,50,60,19,22
3132,44,54,19,14
3133,53,54,23,15
3134,57,56,24,14
3135,54,54,21,14
3136,44,51,20,10
3137,44,63,18,15
3138,47,58,19,21
3139,50,55,21,21
3140,45,57,20,18
3141,47,55,19,21
3142,46,55,16,19
3143,35,56,14,24
3144,32,59,15,24
3145,53,63,9,20
3146,47,54,12,20
3147,38,58,12,16
3148,43,66,10,21
3149,35,71,10,20
3150,36,68,12,19
3151,43,64,16,19
3152,46,67,19,17
3153,37,65,20,24
3154,40,62,20,25
3155,39,50,18,27
3156,36,49,25,25
3157,40,43,21,20
3158,32,53,16,19
3159,46,56,15,20
3160,46,51,17,20
3161,37,57,13,23
3162,42,48,16,22
3163,38,61,14,25
3164,48,59,21,26
3165,34,62,22,26
3166,42,51,25,26
3167,47,54,23,23
3168,53,58,26,27
3169,53,51,23,26
3170,52,67,21,25
3171,46,53,25,27
3172,45,57,24,25
3173,47,53,22,24
3174,49,42,25,22
3175,60,52,22,18
3176,49,49,24,21
3177,49,53,20,23
3178,44,43,27,21
3179,49,40,21,22
3180,46,53,23,20
3181,43,51,21,20
3182,41,47,21,19
3183,46,52,21,16
3184,41,42,19,20
3185,54,49,20,17
3186,50,53,14,16
3187,49,53,13,17
3188,39,57,19,20
3189,41,55,13,20
3190,41,51,14,18
3191,45,50,12,20
3192,42,55,10,18
3193,46,44,9,21
3194,45,42,15,23
3195,51,57,10,16
3196,43,41,11,21
3197,50,37,11,19
3198,50,42,12,18
3199,52,51,14,19
3200,37,46,14,20
3201,44,43,15,22
3202,35,44,14,25
3203,38,44,22,24
3204,44,43,21,28
3205,44,55,20,31
3206,44,49,16,28
3207,46,50,15,25
3208,42,52,16,30
3209,36,57,14,27
3210,35,62,13,27
3211,40,52,10,24
3212,48,56,10,25
3213,51,54,11,24
3214,47,55,16,23
3215,52,51,16,28
3216,44,72,13,26
3217,49,62,13,25
3218,55,60,14,21
3219,56,58,13,19
3220,55,56,13,18
3221,56,56,15,18
3222,57,64,18,18
3223,59,54,17,23
3224,50,59,16,23
3225,46,66,16,22
3226,64,61,14,24
3227,50,59,16,26
3228,63,52,16,22
3229,60,52,18,22
3230,52,52,17,25
3231,56,52,16,25
3232,48,55,19,25
3233,44,59,19,27
3234,42,58,15,23
3235,41,61,17,22
3236,39,52,14,27
3237,44,57,16,25
3238,43,55,15,21
3239,47,69,19,26
3240,48,61,18,22
3241,47,54,17,18
3242,43,55,24,19
3243,47,54,21,17
3244,40,57,26,13
3245,49,59,19,21
3246,42,62,21,22
3247,47,61,17,22
3248,48,61,18,23
3249,39,59,17,28
3250,45,52,16,29
3251,48,58,18,24
3252,36,49,13,25
3253,39,53,14,32
3254,41,56,14,28
3255,34,57,11,25
3256,35,58,12,28
3257,40,69,14,34
3258,30,62,12,32
3259,42,55,12,35
3260,41,62,13,31
3261,35,54,16,32
3262,41,55,14,24
3263,36,54,16,26
3264,31,57,14,17
3265,32,56,17,18
3266,44,65,15,19
3267,42,58,16,17
3268,40,52,15,21
3269,38,56,13,20
3270,44,60,15,26
3271,35,76,13,22
3272,35,60,11,22
3273,36,54,12,24
3274,37,64,12,21
3275,45,53,10,20
3276,36,47,6,19
3277,40,61,5,20
3278,42,60,8,20
3279,33,62,6,21
3280,36,63,7,21
3281,41,63,9,23
3282,39,71,5,25
3283,41,64,7,25
3284,38,57,9,29
3285,43,60,9,25
3286,40,61,14,24
3287,44,51,15,25
3288,40,52,25,22
3289,46,57,24,24
3290,43,53,26,27
3291,43,60,23,30
3292,47,54,30,25
3293,40,45,21,27
3294,46,44,25,28
3295,46,51,25,30
3296,37,56,20,33
3297,43,52,19,30
3298,41,59,19,29
3299,35,48,17,35
3300,34,48,15,37
3301,32,49,15,36
3302,33,50,17,33
3303,41,48,18,28
3304,43,45,18,32
3305,40,55,14,26
3306,41,41,11,32
3307,42,56,12,40
3308,42,50,11,31
3309,32,59,9,35
3310,39,44,11,32
3311,42,49,12,33
3312,41,58,12,29
3313,43,58,8,30
3314,31,46,17,32
3315,32,55,18,33
3316,36,47,17,32
3317,45,50,21,21
3318,35,54,18,19
3319,38,54,16,21
3320,45,58,14,26
3321,51,61,18,25
3322,47,61,20,24
3323,36,60,20,29
3324,41,68,21,24
3325,36,47,22,23
3326,45,53,27,21
3327,50,62,28,26
3328,41,54,21,30
3329,38,55,16,30
3330,38,51,16,30
3331,41,48,16,28
3332,47,54,13,34
3333,45,53,9,33
3334,42,49,12,29
3335,34,49,6,28
3336,38,47,5,28
3337,41,47,8,24
3338,37,47,6,22
3339,43,50,4,24
3340,42,46,6,24
3341,47,44,7,25
3342,39,52,3,30
3343,48,53,2,31
3344,43,44,6,25
3345,36,49,11,28
3346,46,48,6,21
3347,44,48,8,21
3348,49,50,9,26
3349,42,48,7,27
3350,48,45,7,24
3351,51,54,7,22
3352,47,48,10,31
3353,53,51,9,27
3354,42,44,17,31
3355,44,53,10,36
3356,44,47,9,30
3357,47,38,11,35
3358,43,47,14,31
3359,43,54,12,35
3360,33,47,11,41
3361,41,51,9,40
3362,41,49,8,39
3363,35,42,7,33
3364,33,47,4,32
3365,34,45,5,34
3366,37,52,4,35
3367,42,41,5,35
3368,37,39,6,31
3369,43,42,8,27
3370,44,42,9,25
3371,35,48,11,22
3372,33,43,8,23
3373,40,51,13,27
3374,38,44,11,27
3375,41,51,7,27
3376,48,43,5,30
3377,44,50,5,21
3378,38,49,8,23
3379,35,45,9,20
3380,43,45,10,19
3381,34,41,12,20
3382,35,43,11,21
3383,39,43,12,23
3384,39,38,11,26
3385,38,42,8,21
3386,38,42,4,25
3387,31,32,9,27
3388,31,36,12,24
3389,30,34,12,26
3390,34,30,14,28
3391,26,40,14,22
3392,35,36,11,26
3393,42,39,9,27
3394,36,27,12,24
3395,38,33,10,27
3396,41,40,10,20
3397,32,40,10,26
3398,35,46,12,21
3399,36,32,12,25
3400,29,36,13,23
3401,28,34,18,23
3402,34,30,15,29
3403,33,34,13,31
3404,31,39,11,33
3405,33,41,11,33
3406,28,35,13,28
3407,39,44,15,26
3408,29,48,18,28
3409,28,43,12,20
3410,29,47,10,24
3411,37,45,11,26
3412,33,48,14,25
3413,37,43,14,27
3414,28,46,15,26
3415,32,39,17,26
3416,37,45,12,27
3417,34,41,12,28
3418,29,39,11,24
3419,39,36,10,27
3420,34,37,14,24
3421,41,31,16,22
3422,41,31,19,23
3423,36,40,20,25
3424,40,47,18,25
3425,38,37,18,23
3426,40,46,17,26
3427,34,45,11,25
3428,31,38,10,28
3429,37,43,10,22
3430,31,47,7,25
3431,39,41,2,27
3432,39,52,4,32
3433,49,43,4,29
3434,39,40,6,37
3435,31,47,8,29
3436,35,43,6,29
3437,34,41,8,28
3438,36,46,14,34
3439,37,42,13,32
3440,40,45,8,32
3441,35,40,14,26
3442,42,38,14,26
3443,47,47,14,27
3444,32,46,11,28
3445,39,46,12,28
3446,34,47,14,27
3447,45,43,11,29
3448,42,51,11,33
3449,47,52,10,28
3450,42,35,13,21
3451,47,44,9,25
3452,54,44,11,21
3453,37,49,8,19
3454,43,47,9,18
3455,50,52,14,14
3456,42,44,11,17
3457,47,52,6,21
3458,51,41,5,19
3459,54,49,9,21
3460,53,47,10,27
3461,43,37,11,27
3462,51,46,11,24
3463,54,46,6,24
3464,59,51,6,22
3465,44,39,7,28
3466,42,42,8,28
3467,49,44,11,28
3468,35,40,11,24
3469,30,39,10,25
3470,36,48,9,23
3471,36,46,7,30
3472,49,42,13,32
3473,48,41,15,34
3474,42,44,13,28
3475,51,49,10,28
3476,47,49,14,31
3477,39,41,12,30
3478,47,42,8,32
3479,52,43,9,28
3480,44,44,9,29
3481,51,46,10,26
3482,50,46,11,25
3483,56,43,12,27
3484,56,52,12,26
3485,58,53,17,23
3486,55,50,16,25
3487,56,41,19,22
3488,57,59,14,19
3489,58,56,13,22
3490,60,44,12,22
3491,50,54,14,27
3492,54,49,15,24
3493,62,53,20,23
3494,53,39,16,22
3495,43,52,11,18
3496,49,49,13,20
3497,39,49,15,19
3498,45,48,13,17
3499,45,47,14,19
3500,48,44,16,15
3501,55,34,16,19
3502,48,44,12,17
3503,38,42,11,23
3504,46,40,11,20
3505,47,48,7,21
3506,51,38,8,27
3507,50,34,6,26
3508,55,41,9,23
3509,54,42,10,21
3510,47,46,8,23
3511,56,37,10,20
3512,54,46,8,24
3513,56,38,6,17
3514,44,50,7,19
3515,51,51,8,19
3516,48,49,11,18
3517,51,50,12,21
3518,59,43,12,22
3519,56,48,13,20
3520,52,48,10,19
3521,49,51,12,24
3522,52,54,6,22
3523,44,45,7,17
3524,46,45,9,12
3525,37,47,9,15
3526,48,42,8,16
3527,47,38,11,17
3528,45,40,11,15
3529,53,46,11,15
3530,48,46,7,20
3531,48,39,8,17
3532,45,44,8,27
3533,46,42,9,23
3534,46,40,8,21
3535,50,43,5,28
3536,39,41,7,24
3537,39,42,10,16
3538,51,35,10,16
3539,46,43,12,16
3540,47,44,10,20
3541,42,46,12,11
3542,49,41,13,11
3543,50,44,10,11
3544,52,34,9,12
3545,52,32,8,20
3546,46,35,7,24
3547,48,27,6,22
3548,38,32,11,28
3549,36,42,10,27
3550,38,33,8,26
3551,39,36,7,26
3552,28,43,9,22
3553,40,43,7,26
3554,29,36,5,22
3555,40,54,10,23
3556,35,44,11,24
3557,41,31,11,24
3558,41,49,11,23
3559,41,48,11,26
3560,46,46,12,28
3561,38,52,10,27
3562,41,53,13,26
3563,45,49,12,29
3564,32,35,13,27
3565,35,37,17,27
3566,45,33,18,29
3567,38,23,19,32
3568,41,25,19,33
3569,37,31,18,41
3570,35,42,17,33
3571,35,33,18,42
3572,41,34,14,36
3573,53,37,12,38
3574,46,40,12,39
3575,45,45,11,39
3576,48,33,11,37
3577,50,39,18,35
3578,37,45,12,40
3579,38,38,11,35
3580,41,38,10,46
3581,49,48,7,32
3582,40,47,6,30
3583,37,52,8,36
3584,40,41,7,37
3585,46,51,8,34
3586,42,41,9,38
3587,43,52,8,30
3588,39,46,11,37
3589,42,41,12,36
3590,35,39,15,37
3591,39,42,20,37
3592,40,40,23,35
3593,47,47,17,36
3594,41,38,16,43
3595,45,32,18,38
3596,47,42,13,34
3597,42,50,16,35
3598,42,43,13,37
3599,44,41,13,38
3600,41,38,11,40
3601,46,44,14,41
3602,48,46,9,39
3603,44,46,10,35
3604,50,39,10,35
3605,47,45,12,35
3606,49,37,15,35
3607,49,46,13,33
3608,49,48,13,30
3609,44,46,11,27
3610,49,36,8,31
3611,45,42,11,26
3612,52,40,9,35
3613,52,40,10,33
3614,46,38,15,32
3615,45,43,15,31
3616,44,45,19,29
3617,50,50,15,29
3618,44,52,14,32
3619,41,40,20,31
3620,50,43,12,33
3621,39,52,15,35
3622,41,55,13,27
3623,39,49,15,25
3624,41,51,15,23
3625,40,45,14,25
3626,50,53,14,27
3627,43,47,11,28
3628,46,38,12,25
3629,48,43,12,21
3630,48,43,12,24
3631,45,46,12,26
3632,44,48,12,31
3633,38,39,12,30
3634,42,40,13,30
3635,48,48,15,29
3636,45,49,11,26
3637,45,46,16,22
3638,42,37,15,22
3639,44,42,15,29
3640,46,36,16,26
3641,46,43,18,24
3642,37,37,16,28
3643,49,40,15,30
3644,52,41,15,27
3645,55,41,14,27
3646,47,46,13,21
3647,47,46,13,22
3648,53,50,12,25
3649,51,50,9,27
3650,38,47,11,30
3651,38,48,14,35
3652,42,58,13,28
3653,44,56,17,30
3654,41,52,17,31
3655,32,56,18,28
3656,31,51,19,27
3657,31,58,15,31
3658,36,59,16,34
3659,41,54,12,29
3660,44,59,16,30
3661,48,58,19,25
3662,48,57,17,29
3663,53,57,19,27
3664,45,50,19,27
3665,47,44,23,20
3666,49,56,23,22
3667,56,59,20,22
3668,45,50,24,19
3669,44,54,23,18
3670,59,50,20,26
3671,42,51,22,26
3672,47,48,17,26
3673,41,52,19,30
3674,49,56,14,32
3675,39,51,17,24
3676,45,45,15,28
3677,53,46,13,26
3678,51,48,10,31
3679,54,54,10,28
3680,55,47,8,34
3681,53,52,9,31
3682,47,51,11,28
3683,52,56,12,25
3684,51,46,12,27
3685,43,47,14,21
3686,49,50,16,25
3687,45,42,18,24
3688,42,47,15,24
3689,53,44,15,21
3690,55,49,12,18
3691,56,51,12,16
3692,48,52,9,15
3693,43,49,11,16
3694,54,50,12,17
3695,46,45,9,22
3696,41,46,11,19
3697,53,49,13,24
3698,48,46,13,28
3699,42,45,12,27
3700,44,40,17,26
3701,31,52,14,22
3702,41,47,14,22
3703,46,54,11,20
3704,43,52,13,20
3705,44,47,13,23
3706,41,44,11,25
3707,48,43,10,20
3708,39,50,11,25
3709,57,46,9,29
3710,41,46,11,30
3711,45,50,11,26
3712,48,53,6,24
3713,47,40,11,23
3714,40,38,8,23
3715,42,39,8,21
3716,40,45,10,17
3717,48,42,6,17
3718,43,44,10,19
3719,48,41,11,19
3720,55,40,7,16
3721,46,40,8,21
3722,55,45,9,20
3723,52,50,12,17
3724,49,48,8,16
3725,37,48,11,19
3726,45,49,8,19
3727,44,49,9,15
3728,48,36,10,19
3729,47,43,10,19
3730,37,41,11,18
3731,40,43,13,28
3732,38,39,11,33
3733,43,41,11,32
3734,50,46,10,32
3735,36,50,11,28
3736,33,62,10,33
3737,43,54,8,32
3738,40,48,9,28
3739,37,53,11,25
3740,43,56,14,23
3741,37,59,16,20
3742,40,44,20,20
3743,47,56,22,20
3744,44,51,22,21
3745,52,52,25,22
3746,44,59,22,21
3747,44,51,20,21
3748,54,56,21,18
3749,52,53,21,18
3750,44,60,21,18
3751,47,56,19,24
3752,45,49,22,19
3753,50,51,22,20
3754,42,53,24,21
3755,45,44,22,22
3756,50,50,23,19
3757,52,63,23,21
3758,49,50,23,15
3759,50,56,25,15
3760,49,44,21,16
3761,55,54,28,17
3762,49,54,30,13
3763,55,53,25,16
3764,55,54,25,16
3765,63,52,25,19
3766,63,53,24,19
3767,62,56,22,19
3768,53,53,23,26
3769,66,45,27,28
3770,53,46,18,31
3771,57,50,21,33
3772,48,51,20,24
3773,55,49,22,23
3774,40,45,22,25
3775,41,49,24,23
3776,47,50,25,25
3777,42,53,29,21
3778,48,58,24,25
3779,44,50,28,27
3780,52,47,25,25
3781,49,48,20,27
3782,54,47,24,27
3783,52,44,25,25
3784,55,46,25,24
3785,51,49,23,25
3786,53,42,19,18
3787,50,46,18,19
3788,45,46,16,21
3789,58,47,13,26
3790,56,40,15,22
3791,44,44,15,28
3792,51,48,9,25
3793,55,46,9,20
3794,62,44,9,19
3795,54,44,11,16
3796,55,42,9,18
3797,51,49,13,17
3798,40,42,10,16
3799,36,48,8,19
3800,39,38,7,18
3801,34,44,11,21
3802,50,51,7,21
3803,41,39,9,26
3804,39,38,11,31
3805,47,37,13,31
3806,44,45,12,33
3807,39,41,15,31
3808,52,43,17,22
3809,37,43,14,27
3810,46,49,14,26
3811,46,55,16,21
3812,46,53,16,25
3813,52,43,21,22
3814,43,46,23,20
3815,46,44,24,24
3816,55,47,21,24
3817,49,43,16,27
3818,47,50,15,29
3819,45,52,13,28
3820,54,63,9,28
3821,44,57,12,25
3822,48,65,13,28
3823,50,54,14,29
3824,48,61,15,27
3825,54,56,14,27
3826,55,52,15,23
3827,61,52,15,24
3828,50,59,15,20
3829,54,54,12,23
3830,47,54,14,20
3831,47,54,17,21
3832,55,56,21,20
3833,58,63,20,15
3834,53,54,23,15
3835,56,57,21,18
3836,64,52,21,18
3837,64,56,20,11
3838,58,61,14,12
3839,49,58,10,15
3840,58,73,10,15
3841,56,65,8,14
3842,52,67,8,11
3843,58,56,7,11
3844,48,64,8,12
3845,52,66,7,12
3846,58,62,9,15
3847,45,54,5,21
3848,60,60,8,20
3849,57,64,9,23
3850,64,52,12,22
3851,49,57,8,19
3852,53,55,10,16
3853,62,47,11,17
3854,57,48,12,16
3855,64,40,13,18
3856,55,56,12,19
3857,39,52,11,22
3858,52,50,14,17
3859,58,59,12,16
3860,52,55,12,18
3861,60,57,8,19
3862,49,53,8,16
3863,55,52,9,14
3864,64,49,12,13
3865,60,59,12,12
3866,52,61,15,13
3867,57,54,15,12
3868,60,55,14,14
3869,48,47,13,12
3870,52,49,13,11
3871,48,51,9,15
3872,51,50,11,16
3873,46,59,13,14
3874,48,43,12,14
3875,48,44,17,16
3876,56,47,16,17
3877,51,44,17,15
3878,44,56,13,17
3879,42,48,13,27
3880,44,56,13,30
3881,40,49,13,30
3882,47,51,11,28
3883,38,57,14,25
3884,43,42,14,20
3885,47,57,16,17
3886,46,51,16,16
3887,55,50,16,12
3888,53,62,16,12
3889,48,51,17,15
3890,45,63,15,12
3891,44,61,14,16
3892,41,52,17,14
3893,42,62,14,19
3894,47,57,18,15
3895,35,62,23,18
3896,44,59,25,15
3897,46,60,32,11
3898,49,73,25,14
3899,43,55,28,18
3900,35,56,26,21
3901,37,65,20,19
3902,43,61,28,18
3903,45,58,21,23
3904,37,58,21,29
3905,37,63,22,22
3906,44,52,22,27
3907,48,58,19,22
3908,50,56,28,20
3909,47,67,24,22
3910,43,69,19,22
3911,37,62,17,20
3912,40,54,18,19
3913,42,56,21,19
3914,51,57,22,19
3915,39,59,20,17
3916,39,52,19,16
3917,32,58,20,18
3918,30,58,22,17
3919,38,56,22,14
3920,50,56,22,13
3921,48,53,26,10
3922,46,60,29,11
3923,46,68,37,12
3924,44,74,30,11
3925,41,70,31,22
3926,44,64,25,22
3927,32,62,22,24
3928,43,72,20,22
3929,44,63,22,21
3930,45,66,19,17
3931,55,69,22,16
3932,41,62,23,14
3933,51,64,19,17
3934,53,71,16,17
3935,43,69,16,15
3936,43,65,13,20
3937,48,61,14,24
3938,41,58,15,21
3939,36,59,14,23
3940,40,54,15,21
3941,52,55,17,20
3942,44,69,12,13
3943,51,53,10,21
3944,44,53,12,24
3945,49,57,11,22
3946,51,54,15,25
3947,50,46,17,19
3948,45,44,15,19
3949,47,45,12,20
3950,54,47,16,18
3951,49,32,9,22
3952,44,44,17,20
3953,43,45,17,24
3954,45,46,19,16
3955,50,51,16,17
3956,38,58,15,18
3957,49,55,15,18
3958,40,64,17,20
3959,37,69,17,19
3960,41,57,16,18
3961,42,71,17,19
3962,45,73,18,16
3963,48,68,12,16
3964,40,74,18,18
3965,40,70,16,20
3966,37,71,16,18
3967,42,60,18,21
3968,35,68,24,25
3969,37,59,26,23
3970,42,50,26,24
3971,41,59,23,21
3972,48,63,24,19
3973,55,62,20,18
3974,44,52,21,17
3975,47,60,18,18
3976,49,51,17,15
3977,53,54,14,20
3978,42,46,16,19
3979,45,39,15,26
3980,50,57,14,25
3981,44,46,18,23
3982,40,46,20,22
3983,36,52,19,23
3984,53,53,17,19
3985,45,54,12,24
3986,52,47,17,25
3987,47,47,16,19
3988,48,53,18,20
3989,56,54,25,21
3990,60,53,23,22
3991,51,66,18,18
3992,50,57,21,19
3993,52,58,22,14
3994,40,56,23,18
3995,45,54,22,23
3996,47,62,21,25
3997,51,58,15,23
3998,55,63,15,23
3999,60,58,14,26
4000,49,61,16,21
4001,68,58,21,18
4002,63,62,20,20
4003,50,69,22,24
4004,53,59,24,26
4005,63,64,24,27
4006,46,56,24,35
4007,53,64,21,26
4008,46,58,19,30
4009,57,65,17,27
4010,50,71,20,27
4011,43,64,22,24
4012,53,67,24,26
4013,46,58,19,29
4014,51,71,24,26
4015,45,71,24,20
4016,48,69,27,19
4017,38,63,24,21
4018,35,70,28,18
4019,39,88,22,17
4020,32,65,20,19
4021,27,83,20,24
4022,26,75,18,25
4023,38,71,25,20
4024,37,85,18,25
4025,38,78,21,26
4026,35,67,22,25
4027,35,67,20,25
4028,36,58,15,25
4029,27,58,21,24
4030,40,56,21,22
4031,39,66,21,22
4032,36,63,19,20
4033,36,65,16,26
4034,30,66,20,23
4035,41,69,23,20
4036,38,79,21,25
4037,42,82,19,24
4038,32,77,16,25
4039,36,85,18,19
4040,39,84,19,24
4041,42,84,23,25
4042,43,71,20,23
4043,37,76,22,26
4044,46,66,21,25
4045,53,91,25,29
4046,44,72,25,28
4047,54,76,26,27
4048,51,78,25,31
4049,52,77,29,36
4050,56,72,27,35
4051,44,58,24,36
4052,47,65,28,32
4053,39,65,21,33
4054,34,63,21,28
4055,44,67,21,29
4056,46,59,22,28
4057,47,72,23,25
4058,53,63,19,24
4059,43,84,18,29
4060,53,85,16,30
4061,56,74,15,29
4062,53,77,17,27
4063,45,71,22,29
4064,50,73,17,30
4065,53,76,21,25
4066,55,68,25,24
4067,56,69,24,24
4068,59,84,29,20
4069,38,68,26,22
4070,48,82,24,29
4071,38,69,26,31
4072,35,70,20,35
4073,45,77,19,36
4074,47,68,24,37
4075,48,64,25,33
4076,48,66,34,40
4077,65,72,34,39
4078,68,70,32,37
4079,62,64,32,31
4080,59,88,30,42
4081,64,66,26,33
4082,49,71,22,32
4083,55,73,23,41
4084,48,85,21,39
4085,60,75,17,40
4086,67,86,19,33
4087,63,82,16,37
4088,56,82,18,30
4089,58,75,15,30
4090,50,73,25,30
4091,46,75,25,28
4092,49,60,31,29
4093,49,67,29,27
4094,49,64,35,28
4095,43,72,37,26
4096,37,63,41,33
4097,35,65,46,30
4098,52,49,38,35
4099,36,48,39,31
4100,40,56,33,40
4101,43,54,32,39
4102,46,67,34,37
4103,39,56,31,35
4104,36,54,30,38
4105,46,57,32,27
4106,35,71,27,35
4107,51,66,25,37
4108,48,64,26,32
4109,55,71,29,28
4110,48,65,28,36
4111,61,61,32,28
4112,70,66,28,26
4113,67,73,24,27
4114,68,74,25,29
4115,65,77,24,35
4116,60,83,27,32
4117,58,75,30,32
4118,50,79,23,33
4119,48,78,29,30
4120,60,72,24,38
4121,65,69,27,43
4122,64,60,30,42
4123,59,62,28,41
4124,55,71,26,46
4125,56,57,31,42
4126,49,65,29,42
4127,54,60,31,41
4128,60,66,30,42
4129,52,71,27,42
4130,57,66,26,43
4131,42,71,23,46
4132,46,74,25,40
4133,53,61,25,42
4134,49,67,25,42
4135,61,57,22,44
4136,51,68,28,38
4137,52,56,29,36
4138,64,53,27,31
4139,59,66,28,34
4140,58,72,22,30
4141,64,70,19,32
4142,68,65,21,32
4143,62,69,23,29
4144,62,66,22,26
4145,55,75,18,15
4146,53,81,21,23
4147,58,63,18,21
4148,54,69,21,21
4149,62,79,20,20
4150,64,65,18,26
4151,58,62,22,25
4152,67,65,28,24
4153,61,66,21,30
4154,61,66,22,32
4155,63,72,24,33
4156,62,68,27,27
4157,62,64,26,34
4158,61,64,21,37
4159,55,65,17,37
4160,67,69,21,33
4161,69,68,20,32
4162,65,68,24,28
4163,69,59,24,23
4164,56,64,21,20
4165,55,66,22,19
4166,54,61,21,21
4167,61,49,22,21
4168,62,54,21,24
4169,62,51,22,16
4170,48,58,20,17
4171,48,59,28,20
4172,56,49,31,18
4173,49,48,26,19
4174,54,54,27,27
4175,42,48,22,23
4176,43,54,26,24
4177,53,49,21,32
4178,47,49,20,30
4179,52,50,22,28
4180,37,61,21,32
4181,49,54,22,35
4182,48,50,24,37
4183,49,51,19,34
4184,40,51,17,33
4185,48,39,18,28
4186,47,59,20,33
4187,64,46,19,29
4188,58,53,21,22
4189,64,54,17,25
4190,71,51,17,24
4191,71,58,15,22
4192,64,51,18,20
4193,72,50,19,20
4194,65,55,17,26
4195,71,50,11,24
4196,61,54,12,32
4197,57,48,15,27
4198,79,51,13,27
4199,60,44,14,32
4200,46,48,14,27
4201,48,45,14,31
4202,51,43,14,26
4203,55,48,12,30
4204,58,51,13,27
4205,65,52,17,22
4206,51,55,12,19
4207,40,60,15,20
4208,55,67,12,22
4209,66,61,14,19
4210,50,67,16,16
4211,58,68,14,18
4212,48,63,18,14
4213,52,58,17,13
4214,45,57,20,18
4215,48,53,16,17
4216,51,56,11,19
4217,41,66,10,20
4218,46,62,12,22
4219,46,57,10,23
4220,47,56,14,30
4221,42,59,12,30
4222,49,55,17,26
4223,49,52,23,20
4224,58,53,26,26
4225,48,57,22,20
4226,48,46,18,25
4227,49,53,17,22
4228,45,52,15,21
4229,42,52,16,22
4230,37,55,12,20
4231,57,52,10,24
4232,45,50,7,22
4233,41,57,10,21
4234,42,56,13,24
4235,49,47,13,20
4236,46,54,10,24
4237,61,41,11,17
4238,45,58,10,18
4239,43,61,7,22
4240,48,51,5,17
4241,44,52,7,17
4242,47,44,7,18
4243,53,48,4,20
4244,41,45,8,21
4245,43,50,6,22
4246,48,49,7,28
4247,52,52,9,20
4248,51,52,10,23
4249,43,59,12,19
4250,50,63,13,19
4251,51,63,11,21
4252,31,50,16,19
4253,48,43,12,27
4254,52,52,16,22
4255,41,50,18,21
4256,44,49,17,19
4257,52,48,13,20
4258,46,51,9,20
4259,41,48,10,21
4260,50,59,9,24
4261,37,55,9,24
4262,43,54,9,29
4263,48,57,6,29
4264,35,57,6,31
4265,38,56,7,33
4266,36,58,8,34
4267,46,65,6,33
4268,34,63,6,30
4269,49,68,5,25
4270,49,65,4,24
4271,54,75,2,26
4272,51,64,2,23
4273,43,63,7,23
4274,49,66,7,18
4275,42,54,8,20
4276,51,52,12,19
4277,49,55,14,22
4278,48,57,10,24
4279,39,58,9,24
4280,47,64,11,27
4281,46,67,10,23
4282,46,65,8,23
4283,41,55,9,22
4284,48,54,6,17
4285,49,60,10,20
4286,44,60,9,20
4287,37,62,10,18
4288,39,67,11,15
4289,39,60,13,18
4290,55,58,11,18
4291,50,60,13,15
4292,52,72,7,15
4293,49,75,10,21
4294,45,69,7,23
4295,47,71,7,19
4296,41,78,8,22
4297,48,70,7,18
4298,44,72,7,19
4299,40,80,8,17
4300,45,83,8,22
4301,50,68,11,18
4302,51,81,9,17
4303,37,76,8,19
4304,42,74,12,16
4305,44,68,13,16
4306,42,67,15,21
4307,38,70,17,25
4308,41,72,16,25
4309,42,82,14,25
4310,45,71,10,26
4311,45,76,9,28
4312,32,75,11,27
4313,38,79,9,27
4314,45,64,9,30
4315,44,73,11,30
4316,42,73,8,32
4317,42,68,7,31
4318,50,77,6,23
4319,43,68,14,22
4320,43,75,14,21
4321,38,70,9,19
4322,44,69,15,21
4323,47,69,11,19
4324,41,68,14,17
4325,52,67,13,17
4326,47,77,16,17
4327,52,73,17,17
4328,45,72,16,16
4329,52,69,15,16
4330,39,69,18,16
4331,47,70,15,18
4332,37,71,11,22
4333,40,72,11,22
4334,42,64,8,21
4335,41,73,10,24
4336,34,65,7,21
4337,48,54,10,25
4338,47,61,13,20
4339,45,62,13,24
4340,46,53,17,19
4341,40,59,18,18
4342,43,60,22,17
4343,43,58,17,23
4344,47,64,17,25
4345,56,60,17,19
4346,46,65,11,22
4347,43,63,11,20
4348,41,58,11,22
4349,34,54,10,23
4350,39,63,14,23
4351,33,62,17,25
4352,39,62,19,20
4353,39,53,20,22
4354,36,53,23,21
4355,38,45,26,22
4356,42,57,26,18
4357,40,57,29,21
4358,46,54,27,17
4359,45,62,25,19
4360,40,55,19,16
4361,47,57,21,22
4362,41,61,20,22
4363,51,56,21,21
4364,53,53,18,22
4365,48,57,17,26
4366,41,64,17,32
4367,46,58,19,31
4368,43,55,19,29
4369,51,61,15,28
4370,45,62,14,28
4371,50,56,17,21
4372,46,46,15,18
4373,44,48,14,20
4374,47,43,15,24
4375,56,41,18,22
4376,36,40,22,23
4377,33,39,20,23
4378,42,49,20,26
4379,33,42,20,22
4380,41,38,18,24
4381,39,38,22,21
4382,40,45,20,29
4383,46,46,22,33
4384,35,58,16,30
4385,33,57,13,29
4386,38,50,17,26
4387,40,46,15,32
4388,41,48,12,30
4389,41,55,13,32
4390,41,45,14,30
4391,49,50,15,36
4392,42,54,17,33
4393,36,54,16,37
4394,28,48,18,28
4395,35,49,19,27
4396,40,47,23,35
4397,36,47,27,32
4398,29,47,27,28
4399,37,43,22,35
4400,35,37,24,33
4401,34,47,22,38
4402,35,38,18,37
4403,41,43,18,39
4404,40,36,20,34
4405,38,39,14,40
4406,32,40,17,33
4407,42,37,16,35
4408,37,42,19,34
4409,45,38,26,30
4410,35,37,24,33
4411,48,30,26,31
4412,48,32,23,30
4413,33,36,23,26
4414,33,35,20,26
4415,48,36,14,24
4416,35,48,17,28
4417,34,50,11,31
4418,40,43,10,29
4419,37,45,9,28
4420,40,55,13,31
4421,45,52,14,35
4422,37,44,11,30
4423,39,42,14,33
4424,32,47,17,27
4425,40,44,11,30
4426,37,47,14,26
4427,38,38,17,31
4428,33,45,13,24
4429,42,52,13,30
4430,46,56,15,27
4431,40,44,14,27
4432,40,45,13,33
4433,47,54,14,29
4434,49,47,8,27
4435,41,54,12,27
4436,43,56,13,24
4437,42,57,14,26
4438,47,55,14,27
4439,44,49,16,24
4440,41,40,15,25
4441,44,45,17,29
4442,38,55,16,26
4443,47,42,15,22
4444,37,47,17,32
4445,39,53,17,28
4446,34,49,20,22
4447,39,48,18,28
4448,39,46,16,26
4449,49,46,18,24
4450,44,49,17,22
4451,37,42,16,24
4452,37,44,14,24
4453,40,43,12,25
4454,45,50,16,26
4455,39,52,14,23
4456,33,51,11,26
4457,38,50,11,24
4458,34,46,9,28
4459,36,38,7,26
4460,42,42,10,28
4461,43,37,14,21
4462,42,40,16,26
4463,33,38,17,23
4464,31,37,15,20
4465,47,38,14,21
4466,44,39,17,23
4467,51,39,14,22
4468,42,53,16,18
4469,49,42,14,22
4470,42,44,15,24
4471,47,48,12,21
4472,54,45,15,21
4473,47,40,15,17
4474,47,46,12,21
4475,40,45,14,19
4476,42,39,17,23
4477,54,43,17,22
4478,48,45,22,26
4479,52,43,16,22
4480,54,41,16,20
4481,48,47,19,18
4482,56,42,15,22
4483,55,46,17,21
4484,45,42,16,18
4485,47,46,21,22
4486,45,45,17,22
4487,49,44,15,23
4488,52,41,16,25
4489,44,42,14,25
4490,51,40,14,25
4491,51,45,13,22
4492,44,47,11,21
4493,42,47,8,21
4494,46,39,10,18
4495,40,42,11,17
4496,43,49,8,19
4497,40,45,9,16
4498,40,44,10,20
4499,40,44,8,19
4500,41,41,8,21
4501,34,44,12,18
4502,30,37,13,15
4503,30,43,12,20
4504,40,42,12,15
4505,28,46,16,17
4506,36,45,19,14
4507,52,35,17,15
4508,40,36,18,18
4509,42,33,18,17
4510,46,35,14,19
4511,35,35,15,21
4512,34,38,12,19
4513,35,48,16,20
4514,40,41,14,23
4515,40,41,14,19
4516,39,46,10,21
4517,40,40,11,20
4518,43,38,11,16
4519,41,41,10,18
4520,33,39,13,15
4521,44,42,16,11
4522,37,35,14,13
4523,33,39,17,13
4524,29,34,16,13
4525,25,36,15,16
4526,31,38,14,14
4527,30,40,13,18
4528,38,34,18,16
4529,39,34,16,15
4530,40,38,13,12
4531,35,37,15,16
4532,38,42,15,12
4533,35,41,14,14
4534,36,40,15,13
4535,37,40,17,14
4536,38,43,13,14
4537,35,43,13,18
4538,38,43,14,16
4539,33,41,12,17
4540,31,33,14,19
4541,28,44,15,19
4542,30,41,15,23
4543,36,33,13,18
4544,36,28,14,15
4545,34,36,14,21
4546,39,38,13,18
4547,30,34,12,20
4548,29,37,15,19
4549,29,30,14,20
4550,27,32,15,21
4551,29,39,15,16
4552,33,37,10,23
4553,33,43,13,25
4554,26,36,16,22
4555,29,38,19,20
4556,30,35,18,23
4557,27,33,19,24
4558,28,35,21,24
4559,29,34,24,21
4560,29,38,20,23
4561,32,37,21,21
4562,31,38,21,20
4563,33,35,20,23
4564,29,38,15,24
4565,26,38,17,22
4566,34,41,15,23
4567,32,38,16,25
4568,26,33,15,28
4569,34,39,13,25
4570,29,34,17,23
4571,27,38,13,28
4572,35,35,14,25
4573,34,37,12,25
4574,31,45,14,23
4575,37,45,17,24
4576,40,41,16,24
4577,43,37,16,19
4578,40,34,20,17
4579,48,36,24,17
4580,36,36,16,15
4581,43,28,21,16
4582,36,33,17,20
4583,39,36,16,25
4584,41,34,13,23
4585,42,33,18,21
4586,41,33,21,24
4587,33,40,20,23
4588,33,40,21,26
4589,35,38,15,26
4590,36,38,15,27
4591,29,39,13,27
4592,28,37,15,25
4593,33,43,14,21
4594,38,44,15,23
4595,42,33,12,24
4596,41,36,17,22
4597,38,31,11,22
4598,33,32,14,21
4599,28,32,13,22
4600,28,31,12,22
4601,37,30,11,20
4602,33,34,13,28
4603,36,29,15,25
4604,40,31,18,20
4605,34,34,14,24
4606,32,28,20,26
4607,31,29,21,28
4608,38,26,17,29
4609,37,30,16,30
4610,42,28,17,23
4611,38,26,18,25
4612,42,27,16,23
4613,43,24,17,22
4614,44,28,18,23
4615,37,26,14,23
4616,34,31,14,27
4617,38,29,12,28
4618,39,26,11,29
4619,40,27,7,24
4620,45,31,8,25
4621,43,31,9,27
4622,45,27,6,27
4623,45,28,7,33
4624,45,31,9,26
4625,38,32,10,28
4626,38,31,5,24
4627,40,29,10,22
4628,38,28,14,22
4629,42,36,16,26
4630,38,30,13,16
4631,35,39,11,22
4632,32,33,10,29
4633,40,32,12,24
4634,34,36,11,22
4635,33,37,12,20
4636,38,30,15,23
4637,28,36,16,23
4638,35,29,15,21
4639,33,38,17,20
4640,37,34,15,19
4641,36,37,16,20
4642,36,35,15,20
4643,26,41,15,21
4644,26,35,15,22
4645,28,38,14,21
4646,32,34,13,19
4647,26,32,11,25
4648,28,37,15,24
4649,31,34,11,22
4650,37,36,12,22
4651,33,37,13,22
4652,28,33,13,23
4653,32,44,8,21
4654,36,34,7,21
4655,34,39,8,22
4656,24,31,10,24
4657,24,32,5,26
4658,25,33,6,26
4659,27,31,7,28
4660,31,34,7,23
4661,33,41,7,23
4662,33,29,8,21
4663,37,32,7,16
4664,36,32,6,14
4665,33,42,7,16
4666,34,36,6,15
4667,30,34,6,18
4668,35,35,9,19
4669,35,32,7,15
4670,35,29,5,15
4671,36,34,5,19
4672,38,32,8,20
4673,40,28,7,16
4674,43,27,8,16
4675,39,29,5,18
4676,31,27,7,19
4677,29,28,7,22
4678,33,21,9,24
4679,37,24,6,21
4680,29,31,8,20
4681,34,30,8,20
4682,31,32,9,18
4683,37,31,8,15
4684,36,31,8,15
4685,41,31,6,16
4686,39,29,9,17
4687,41,31,9,16
4688,41,36,12,18
4689,44,29,8,17
4690,43,29,9,18
4691,39,33,8,15
4692,44,32,7,18
4693,42,37,12,18
4694,47,30,11,18
4695,47,26,9,20
4696,39,29,9,23
4697,43,30,10,19
4698,36,33,10,21
4699,38,32,7,23
4700,35,32,6,22
4701,35,32,10,19
4702,45,38,4,20
4703,45,32,7,19
4704,41,31,10,21
4705,50,33,8,18
4706,45,35,8,19
4707,44,33,5,19
4708,40,34,7,17
4709,49,35,7,18
4710,36,43,10,19
4711,40,39,9,15
4712,41,37,10,17
4713,34,39,11,16
4714,31,36,10,11
4715,36,32,12,13
4716,37,35,8,14
4717,33,33,7,13
4718,34,30,8,13
4719,37,35,13,10
4720,30,26,12,12
4721,28,31,12,13
4722,38,30,12,13
4723,35,29,14,13
4724,34,28,14,14
4725,34,30,11,18
4726,38,32,8,18
4727,39,24,7,18
4728,42,32,9,12
4729,36,28,8,14
4730,35,30,8,17
4731,33,31,11,17
4732,41,29,8,18
4733,28,32,11,18
4734,26,25,9,11
4735,33,32,8,15
4736,29,32,9,13
4737,35,26,9,16
4738,33,30,7,15
4739,37,31,6,13
4740,35,36,10,10
4741,44,37,5,9
4742,41,40,5,9
4743,43,38,3,9
4744,42,38,4,8
4745,42,34,5,9
4746,40,33,4,9
4747,31,35,8,9
4748,38,32,7,9
4749,40,33,4,9
4750,38,31,5,9
4751,48,30,4,7
4752,38,29,2,8
4753,41,25,4,11
4754,37,25,1,12
4755,39,26,2,14
4756,41,25,4,12
4757,36,27,6,10
4758,32,29,4,9
4759,39,28,4,9
4760,39,25,5,10
4761,33,27,4,12
4762,39,23,3,10
4763,29,29,4,10
4764,30,28,5,9
4765,41,35,4,8
4766,35,28,5,6
4767,34,31,5,9
4768,34,29,5,10
4769,32,30,6,9
4770,37,28,10,7
4771,33,29,11,10
4772,36,30,10,9
4773,28,25,11,10
4774,33,26,4,12
4775,39,23,3,12
4776,33,22,4,14
4777,39,26,4,15
4778,37,26,4,17
4779,35,30,4,15
4780,35,28,5,18
4781,31,22,5,18
4782,37,27,2,17
4783,36,26,5,15
4784,32,35,5,14
4785,37,30,6,12
4786,33,30,5,8
4787,30,26,4,13
4788,29,35,5,14
4789,30,30,7,13
4790,40,29,7,14
4791,31,26,8,15
4792,34,32,6,9
4793,41,30,5,16
4794,34,30,3,16
4795,34,36,5,12
4796,35,32,4,15
4797,34,30,4,12
4798,36,33,5,16
4799,41,34,5,11
4800,33,40,3,13
4801,36,34,5,14
4802,34,38,6,16
4803,41,35,7,12
4804,35,33,5,11
4805,38,39,7,13
4806,27,34,3,15
4807,26,34,6,16
4808,30,32,7,21
4809,37,35,6,17
4810,36,38,6,18
4811,35,32,4,16
4812,39,37,7,15
4813,32,32,7,12
4814,31,31,8,17
4815,35,32,9,15
4816,34,32,10,17
4817,39,33,13,18
4818,30,38,11,18
4819,43,32,15,16
4820,38,32,15,15
4821,36,34,9,15
4822,37,27,9,19
4823,38,24,12,18
4824,36,26,17,19
4825,38,23,14,15
4826,35,25,11,15
4827,34,22,14,18
4828,36,31,10,22
4829,33,22,9,22
4830,36,27,8,25
4831,36,25,10,25
4832,32,24,9,26
4833,32,23,9,26
4834,25,33,9,23
4835,33,33,9,15
4836,35,28,8,17
4837,37,23,11,19
4838,33,29,11,18
4839,31,25,13,16
4840,29,26,11,11
4841,26,27,14,15
4842,25,24,14,15
4843,23,33,15,12
4844,32,33,18,13
4845,27,33,13,12
4846,22,38,15,12
4847,28,39,12,12
4848,24,41,15,16
4849,30,34,13,14
4850,33,38,16,14
4851,32,35,14,12
4852,26,38,18,12
4853,26,35,15,13
4854,27,41,11,17
4855,36,35,8,18
4856,27,38,7,14
4857,25,43,7,14
4858,27,47,10,15
4859,23,38,8,13
4860,28,33,10,17
4861,32,33,8,14
4862,25,40,8,17
4863,25,40,11,16
4864,28,43,12,16
4865,31,38,11,20
4866,27,36,9,17
4867,32,41,12,15
4868,31,34,11,16
4869,28,33,10,13
4870,26,31,8,12
4871,27,36,9,18
4872,24,31,8,19
4873,28,23,9,16
4874,30,27,9,19
4875,23,27,7,18
4876,25,37,9,20
4877,26,33,8,18
4878,31,36,11,19
4879,25,35,8,21
4880,26,33,6,18
4881,28,32,9,18
4882,30,37,10,21
4883,33,35,10,17
4884,27,38,8,19
4885,24,36,5,20
4886,31,30,7,16
4887,30,25,8,20
4888,30,34,8,19
4889,25,28,12,19
4890,28,31,11,18
4891,30,28,11,13
4892,26,28,13,9
4893,31,29,11,9
4894,29,26,11,12
4895,33,28,11,12
4896,29,30,10,13
4897,31,29,10,15
4898,37,28,12,17
4899,34,24,9,17
4900,36,29,9,17
4901,30,29,7,14
4902,28,27,6,14
4903,31,27,8,18
4904,40,34,6,21
4905,29,33,7,20
4906,27,34,6,22
4907,30,37,6,19
4908,30,37,7,15
4909,25,32,7,17
4910,31,36,7,15
4911,28,37,7,13
4912,29,31,5,15
4913,29,26,6,15
4914,34,23,8,18
4915,29,30,8,19
4916,24,34,8,18
4917,29,36,9,19
4918,24,35,9,16
4919,25,33,10,12
4920,28,33,11,14
4921,27,29,13,10
4922,26,28,12,13
4923,24,30,14,14
4924,30,35,9,12
4925,28,39,6,14
4926,29,37,6,15
4927,29,28,6,18
4928,31,29,7,18
4929,27,34,8,16
4930,21,31,8,17
4931,25,27,6,19
4932,26,28,5,15
4933,29,33,4,17
4934,36,30,5,20
4935,29,36,5,22
4936,28,34,6,21
4937,26,30,4,20
4938,31,38,7,22
4939,28,31,7,20
4940,24,35,9,15
4941,26,34,8,20
4942,36,35,11,16
4943,33,36,7,18
4944,30,38,7,19
4945,33,34,7,18
4946,37,39,7,21
4947,34,42,7,18
4948,35,29,10,17
4949,44,35,9,19
4950,37,28,9,17
4951,37,28,10,16
4952,42,31,9,23
4953,32,30,8,22
4954,29,33,5,22
4955,38,32,5,22
4956,29,36,4,21
4957,29,36,7,22
4958,44,36,9,20
4959,37,37,7,20
4960,33,43,7,17
4961,38,35,4,14
4962,34,36,6,13
4963,30,37,7,14
4964,38,38,6,14
4965,29,45,6,14
4966,29,42,5,13
4967,28,49,6,12
4968,27,45,9,10
4969,23,41,14,14
4970,26,44,12,15
4971,24,40,12,11
4972,25,44,11,14
4973,25,46,9,14
4974,27,42,10,19
4975,26,44,9,21
4976,28,45,8,18
4977,32,44,8,20
4978,32,41,11,11
4979,34,37,9,14
4980,32,43,12,11
4981,32,42,9,13
4982,34,42,7,9
4983,27,44,6,13
4984,39,44,6,12
4985,31,52,6,8
4986,27,50,5,11
4987,30,48,5,12
4988,33,47,7,14
4989,31,47,5,14
4990,31,49,4,11
4991,30,44,3,11
4992,25,49,1,11
4993,34,45,1,13
4994,33,49,1,10
4995,30,46,5,13
4996,26,43,6,17
4997,29,39,7,16
4998,26,42,6,21
4999,20,39,6,24
5000,27,47,7,18
5001,27,40,8,20
5002,30,45,12,15
5003,29,44,9,13
5004,18,48,9,14
5005,30,51,7,19
5006,29,40,10,15
5007,35,42,13,13
5008,35,40,12,15
5009,32,42,14,17
5010,24,45,13,12
5011,32,38,11,9
5012,34,42,10,12
5013,27,41,8,8
5014,26,52,12,10
5015,24,40,9,9
5016,20,42,8,12
5017,29,42,7,14
5018,34,46,6,13
5019,30,50,5,13
5020,28,44,4,11
5021,23,49,4,11
5022,29,51,5,11
5023,23,45,4,11
5024,34,40,5,10
5025,26,45,5,11
5026,31,44,6,13
5027,24,42,7,13
5028,32,45,6,11
5029,28,41,6,14
5030,24,37,7,12
5031,28,45,6,16
5032,27,40,4,12
5033,26,37,4,15
5034,34,39,6,22
5035,23,45,8,23
5036,29,37,7,22
5037,28,33,13,18
5038,27,43,11,17
5039,26,43,9,15
5040,28,42,8,16
5041,29,40,8,13
5042,25,51,9,13
5043,26,34,8,16
5044,26,40,7,17
5045,23,43,9,15
5046,25,44,10,13
5047,27,48,6,15
5048,34,38,6,11
5049,23,38,6,11
5050,27,39,3,12
5051,25,41,6,15
5052,30,40,7,16
5053,28,35,10,19
5054,33,36,8,17
5055,28,26,11,15
5056,33,33,9,15
5057,39,34,9,15
5058,32,28,6,13
5059,30,27,4,16
5060,33,29,9,17
5061,33,29,8,13
5062,33,32,8,13
5063,35,25,7,13
5064,32,27,7,18
5065,30,31,8,18
5066,33,28,7,20
5067,32,35,8,19
5068,25,26,5,20
5069,28,35,6,18
5070,26,35,10,16
5071,32,34,5,11
5072,30,34,6,10
5073,36,35,6,11
5074,38,37,9,14
5075,26,41,7,15
5076,28,45,5,12
5077,27,27,6,12
5078,34,32,8,15
5079,38,27,7,16
5080,30,36,6,19
5081,33,42,6,22
5082,30,33,8,19
5083,33,37,5,12
5084,30,36,7,12
5085,35,37,6,16
5086,32,32,6,15
5087,28,39,6,14
5088,38,36,5,11
5089,27,39,6,12
5090,31,35,8,8
5091,35,34,6,9
5092,30,32,5,11
5093,36,30,10,12
5094,31,30,5,9
5095,31,32,9,9
5096,30,32,6,8
5097,33,37,7,9
5098,33,35,6,8
5099,35,33,7,9
5100,34,32,5,8
5101,26,35,8,11
5102,29,30,6,12
5103,32,28,4,12
5104,34,32,3,11
5105,32,32,4,9
5106,35,33,5,13
5107,30,30,5,7
5108,29,27,8,9
5109,37,28,4,7
5110,40,32,5,9
5111,41,32,6,14
5112,35,28,4,15
5113,28,26,5,13
5114,35,35,2,12
5115,35,31,2,12
5116,37,31,4,11
5117,31,33,3,10
5118,27,30,3,10
5119,28,34,2,11
5120,28,32,3,7
